Token,Adapted,EngCategory,POS,NE
ARTICLE0003,_,_,PROPN,B
",",_,_,PUNCT,O
",",_,_,PUNCT,I
"""",_,_,PUNCT,O
"""",_,_,PUNCT,I
Qué,_,_,PRON,B
Qué,_,_,DET,B
es,_,_,AUX,O
es,_,_,AUX,I
es,_,_,NOUN,O
el,_,_,DET,O
el,_,_,DET,I
el,_,_,DET,B
sharenting,false,Insertion,PROPN,O
sharenting,_,_,PROPN,O
y,_,_,CONJ,O
y,_,_,CONJ,I
por,_,_,ADP,O
por,_,_,ADP,I
qué,_,_,PRON,O
qué,_,_,DET,O
qué,_,_,PRON,I
un,_,_,DET,O
un,_,_,DET,I
problema,_,_,NOUN,O
problema,_,_,NOUN,I
moderno,_,_,ADJ,O
de,_,_,ADP,O
de,_,_,ADP,I
la,_,_,DET,O
la,_,_,DET,I
la,_,_,PRON,O
la,_,_,DET,B
la,_,_,PRON,I
paternidad,_,_,NOUN,O
¿,_,_,PUNCT,O
¿,_,_,PUNCT,B
Cuánto,_,_,PRON,B
compartes,_,_,NOUN,O
en,_,_,ADP,O
en,_,_,ADP,I
internet,_,_,NOUN,O
internet,_,_,PROPN,O
internet,false,Insertion,NOUN,O
internet,false,Insertion,PROPN,O
sobre,_,_,ADP,O
sobre,_,_,ADP,I
vida,_,_,NOUN,O
vida,_,_,NOUN,I
tus,_,_,DET,O
hijos,_,_,NOUN,O
?,_,_,PUNCT,O
?,_,_,PUNCT,I
Y,_,_,CONJ,O
Y,_,_,CONJ,B
hasta,_,_,ADP,O
hasta,_,_,ADV,O
hasta,_,_,ADP,I
punto,_,_,NOUN,O
quieres,_,_,ADJ,O
ver,_,_,VERB,O
ver,_,_,VERB,I
ver,_,_,NOUN,O
ver,_,_,PROPN,O
información,_,_,NOUN,O
información,_,_,NOUN,I
los,_,_,DET,O
los,_,_,DET,I
los,_,_,DET,B
los,_,_,PRON,O
los,_,_,PRON,I
demás,_,_,PRON,O
las,_,_,DET,O
las,_,_,PRON,O
las,_,_,DET,I
redes,_,_,NOUN,O
sociales,_,_,ADJ,O
El,_,_,DET,O
El,_,_,DET,B
-,_,_,PUNCT,O
anglicismo,_,_,NOUN,O
que,_,_,PRON,O
que,_,_,SCONJ,O
que,_,_,SCONJ,I
que,_,_,PRON,I
proviene,_,_,VERB,O
share,false,Insertion,PROPN,O
(,_,_,PUNCT,O
(,false[32],Named Entity[32],PUNCT,O
compartir,_,_,VERB,O
),_,_,PUNCT,O
),false[32],Named Entity[32],PUNCT,O
parenting,false,Insertion,PROPN,O
consiste,_,_,VERB,O
documentar,_,_,VERB,O
primeras,_,_,ADJ,O
sonrisas,_,_,NOUN,O
palabras,_,_,NOUN,O
palabras,_,_,NOUN,I
pasos,_,_,NOUN,O
pasos,_,_,NOUN,I
.,_,_,PUNCT,O
.,_,_,PUNCT,I
cada,_,_,DET,O
cada,_,_,DET,I
una,_,_,PRON,O
una,_,_,DET,O
una,_,_,DET,I
anécdotas,_,_,NOUN,O
más,_,_,ADV,O
más,_,_,ADV,I
pequeños,_,_,ADJ,O
Facebook,false,Named Entity,PROPN,B
Facebook,false,Named Entity,PROPN,I
Facebook,_,_,PROPN,B
Facebook,_,_,PROPN,I
Instagram,false,Named Entity,PROPN,B
Instagram,_,_,PROPN,B
otras,_,_,DET,O
otras,_,_,DET,I
otras,_,_,PRON,O
se,_,_,PRON,O
se,_,_,PRON,I
ha,_,_,AUX,O
convertido,_,_,VERB,O
práctica,_,_,NOUN,O
tan,_,_,ADV,O
tan,_,_,ADV,I
habitual,_,_,ADJ,O
diccionario,_,_,NOUN,O
británico,_,_,ADJ,O
Collins,_,_,PROPN,B
lo,_,_,PRON,O
lo,_,_,DET,O
lo,_,_,DET,I
lo,_,_,PRON,I
incluyó,_,_,VERB,O
sus,_,_,DET,O
sus,_,_,PRON,O
páginas,_,_,NOUN,O
2016,_,_,NOUN,O
Desde,_,_,ADP,O
entonces,_,_,ADV,O
fenómeno,_,_,NOUN,O
no,_,_,ADV,O
no,_,_,ADV,I
no,_,_,PART,O
no,_,_,PART,I
dejado,_,_,AUX,O
crecer,_,_,VERB,O
Hasta,_,_,ADP,O
ahora,_,_,ADV,O
existido,_,_,VERB,O
otra,_,_,DET,O
otra,_,_,PRON,O
generación,_,_,NOUN,O
niños,_,_,NOUN,O
con,_,_,ADP,O
con,_,_,ADP,I
infancia,_,_,NOUN,O
pública,_,_,ADJ,O
probable,_,_,ADJ,O
cuando,_,_,SCONJ,O
cuando,_,_,PRON,O
crezcan,_,_,VERB,O
muchos,_,_,PRON,O
muchos,_,_,DET,O
estén,_,_,AUX,O
acuerdo,_,_,NOUN,O
ello,_,_,PRON,O
ello,_,_,PRON,I
dañino,_,_,ADJ,O
3,_,_,NUM,O
categorías,_,_,NOUN,O
Podría,_,_,AUX,O
decirse,_,_,VERB,O
existen,_,_,VERB,O
tres,_,_,NUM,O
padres,_,_,NOUN,O
padres,_,_,NOUN,I
:,_,_,PUNCT,O
:,_,_,PUNCT,I
Los,_,_,DET,O
Los,_,_,DET,B
Los,_,_,DET,I
orgullosos,_,_,NOUN,O
orgullosos,_,_,ADJ,O
protectores,_,_,NOUN,I
irritados,_,_,ADJ,I
primeros,_,_,ADJ,I
primeros,_,_,ADJ,O
son,_,_,AUX,O
aquellos,_,_,PRON,O
aquellos,_,_,DET,O
a,_,_,ADP,O
a,_,_,ADP,I
quienes,_,_,PRON,O
les,_,_,PRON,O
encantaría,_,_,VERB,O
contactos,_,_,NOUN,O
supieran,_,_,VERB,O
todo,_,_,PRON,O
todo,_,_,DET,O
todo,_,_,DET,I
encargan,_,_,VERB,O
hacerlo,_,_,AUX,O
hacerlo,_,_,PROPN,O
publicando,_,_,VERB,O
foto,_,_,NOUN,O
anécdota,_,_,NOUN,O
través,_,_,NOUN,O
red,_,_,NOUN,O
social,_,_,ADJ,O
Savannah,_,_,PROPN,B
Morrison,_,_,PROPN,I
Glasgow,_,_,PROPN,B
Escocia,_,_,PROPN,B
ellas,_,_,PRON,O
Me,_,_,PRON,O
Me,_,_,PRON,B
encanta,_,_,VERB,O
encanta,_,_,VERB,I
publicar,_,_,VERB,O
fotos,_,_,NOUN,O
mi,_,_,DET,O
mi,_,_,DET,I
pequeño,_,_,ADJ,O
pequeño,_,_,ADJ,I
e,_,_,CONJ,O
e,_,_,CONJ,I
mis,_,_,DET,I
mis,_,_,DET,O
amigos,_,_,NOUN,I
amigos,_,_,NOUN,O
familiares,_,_,NOUN,O
familiares,_,_,ADJ,O
comenten,_,_,VERB,O
o,_,_,CONJ,O
hagan,_,_,VERB,O
hagan,_,_,AUX,O
clic,true,Insertion,ADV,O
',_,_,SYM,O
',_,_,SYM,I
gusta,_,_,VERB,I
gusta,_,_,VERB,O
le,_,_,PRON,O
le,_,_,PRON,I
cuenta,_,_,VERB,O
cuenta,_,_,NOUN,O
BBC,_,_,PROPN,B
BBC,false,Named Entity,PROPN,B
También,_,_,ADV,B
También,_,_,ADV,O
disfruto,_,_,VERB,O
comentando,_,_,VERB,O
haciendo,_,_,VERB,O
like,false,Insertion,ADV,O
parece,_,_,AUX,O
increíble,_,_,ADJ,O
pueda,_,_,AUX,O
pueda,_,_,VERB,O
sentirme,_,_,VERB,O
parte,_,_,NOUN,O
parte,_,_,NOUN,I
vidas,_,_,NOUN,O
estando,_,_,VERB,O
miles,_,_,NUM,O
kilómetros,_,_,NOUN,O
kilómetros,_,_,NOUN,I
distancia,_,_,NOUN,O
distancia,_,_,NOUN,I
En,_,_,ADP,O
En,_,_,ADP,B
opinión,_,_,NOUN,O
mientras,_,_,SCONJ,O
mientras,_,_,CONJ,O
sean,_,_,AUX,O
indecentes,_,_,NOUN,O
justificar,_,_,VERB,O
presencia,_,_,NOUN,O
del,_,_,ADP,O
del,_,_,ADP,I
niño,_,_,NOUN,O
si,_,_,SCONJ,O
pregunta,_,_,VERB,O
pregunta,_,_,VERB,I
pregunta,_,_,NOUN,O
crece,_,_,VERB,O
hay,_,_,AUX,O
hay,_,_,AUX,I
agrega,_,_,VERB,O
Lo,_,_,DET,B
genera,_,_,VERB,I
genera,_,_,ADJ,O
genera,_,_,VERB,O
debate,_,_,NOUN,I
debate,_,_,NOUN,O
para,_,_,ADP,O
para,_,_,ADP,I
solo,_,_,ADJ,O
solo,_,_,ADV,O
hecho,_,_,NOUN,O
hecho,_,_,NOUN,I
hecho,_,_,VERB,O
hecho,_,_,ADJ,O
sin,_,_,ADP,O
permiso,_,_,NOUN,O
menor,_,_,ADJ,O
ya,_,_,ADV,O
indecente,_,_,ADJ,O
Son,_,_,AUX,B
privacidad,_,_,NOUN,I
privacidad,_,_,NOUN,O
menos,_,_,ADV,O
menos,_,_,ADV,I
pero,_,_,CONJ,O
mucho,_,_,ADV,O
cautelosos,_,_,ADJ,O
hora,_,_,NOUN,O
imágenes,_,_,NOUN,O
aparecen,_,_,VERB,O
menores,_,_,ADJ,O
Hago,_,_,VERB,O
posible,_,_,ADJ,O
poner,_,_,VERB,O
ninguna,_,_,DET,O
hijo,_,_,NOUN,O
explica,_,_,VERB,O
briánica,_,_,ADJ,O
Rosie,_,_,PROPN,B
McDonald,_,_,PROPN,I
Es,_,_,AUX,O
Es,_,_,AUX,B
ser,_,_,NOUN,O
ser,_,_,AUX,O
humano,_,_,ADJ,O
tiene,_,_,VERB,O
tiene,_,_,VERB,I
mismo,_,_,DET,O
mismo,_,_,ADJ,O
mismo,_,_,PRON,O
mismo,_,_,PRON,I
derecho,_,_,NOUN,O
cualquier,_,_,DET,O
cualquier,_,_,DET,I
persona,_,_,NOUN,O
persona,_,_,NOUN,I
Siendo,_,_,AUX,B
su,_,_,DET,O
su,_,_,DET,I
su,_,_,PRON,O
capacidad,_,_,NOUN,O
comprensión,_,_,NOUN,O
eso,_,_,PRON,O
eso,_,_,PRON,I
significa,_,_,VERB,O
adulto,_,_,NOUN,O
considera,_,_,VERB,O
trabajo,_,_,NOUN,O
trabajo,_,_,VERB,O
trabajo,_,_,PROPN,O
como,_,_,SCONJ,O
como,_,_,PRON,O
madre,_,_,NOUN,O
asegurarse,_,_,ADJ,O
derechos,_,_,NOUN,O
reconocidos,_,_,VERB,O
respetados,_,_,ADJ,O
muchas,_,_,DET,O
muchas,_,_,PRON,O
personas,_,_,NOUN,O
están,_,_,AUX,O
irritadas,_,_,ADJ,O
hartas,_,_,NOUN,O
Sus,_,_,DET,B
muros,_,_,NOUN,I
repletos,_,_,NOUN,O
tienen,_,_,VERB,O
bastante,_,_,ADV,O
Detesto,_,_,VERB,O
publican,_,_,VERB,O
cosas,_,_,NOUN,O
cosas,_,_,NOUN,I
mensajes,_,_,NOUN,O
cumpleaños,_,_,NOUN,O
todavía,_,_,ADV,O
suficientemente,_,_,ADV,O
mayores,_,_,ADJ,O
leerlo,_,_,PROPN,O
dijo,_,_,VERB,O
Shaun,_,_,PROPN,B
Bacon,_,_,PROPN,I
No,_,_,ADV,O
No,_,_,ADV,B
No,_,_,PART,O
me,_,_,PRON,O
cuenten,_,_,VERB,O
él,_,_,PRON,O
ella,_,_,PRON,O
ella,_,_,PRON,I
díganselo,_,_,NOUN,O
cara,_,_,NOUN,O
viven,_,_,VERB,O
misma,_,_,DET,O
casa,_,_,NOUN,O
necesito,_,_,VERB,I
concluye,_,_,VERB,O
Ofcom,_,_,PROPN,B
regulador,_,_,NOUN,O
comunicaciones,_,_,NOUN,O
Reino,_,_,PROPN,B
Reino,_,_,PROPN,I
Unido,_,_,PROPN,I
elaboró,_,_,VERB,O
estudio,_,_,NOUN,O
estudio,_,_,NOUN,I
2017,_,_,NOUN,O
sugiere,_,_,VERB,O
videos,_,_,NOUN,O
divisorio,_,_,ADJ,O
muy,_,_,ADV,O
muy,_,_,ADV,I
divididos,_,_,ADJ,O
sensato,_,_,VERB,O
Lindsey,_,_,PROPN,I
Lindsey,_,_,PROPN,B
Fussell,_,_,PROPN,I
directora,_,_,NOUN,O
directora,_,_,ADJ,O
consumo,_,_,NOUN,O
La,_,_,DET,O
La,_,_,DET,B
La,_,_,DET,I
buena,_,_,ADJ,O
noticia,_,_,NOUN,O
hacen,_,_,VERB,O
seguros,_,_,ADJ,O
restringir,_,_,VERB,O
quién,_,_,PRON,O
puede,_,_,AUX,O
esas,_,_,DET,O
algunos,_,_,DET,O
algunos,_,_,PRON,O
algunos,_,_,PRON,I
ejemplo,_,_,NOUN,O
ejemplo,_,_,NOUN,I
huella,_,_,NOUN,I
huella,_,_,NOUN,O
digital,_,_,ADJ,I
digital,_,_,ADJ,O
Sin,_,_,ADP,I
Sin,_,_,ADP,B
embargo,_,_,NOUN,I
mitad,_,_,NOUN,O
entrevistadas,_,_,ADJ,O
declararon,_,_,VERB,O
piensan,_,_,VERB,O
parecerá,_,_,VERB,O
bien,_,_,ADV,O
bien,_,_,ADV,I
compartan,_,_,VERB,O
solamente,_,_,ADV,O
al,_,_,ADP,O
al,_,_,ADP,I
preocupa,_,_,VERB,O
piensen,_,_,VERB,O
dentro,_,_,ADV,O
unos,_,_,DET,O
unos,_,_,PRON,O
años,_,_,NOUN,O
años,_,_,NOUN,I
Sociedad,_,_,PROPN,I
Nacional,_,_,PROPN,I
Prevención,_,_,PROPN,I
Crueldad,_,_,PROPN,I
contra,_,_,ADP,I
contra,_,_,ADP,O
Niños,_,_,PROPN,I
NSPCC,_,_,PROPN,B
siglas,_,_,NOUN,O
inglés,_,_,NOUN,O
inglés,_,_,ADJ,O
advierte,_,_,VERB,O
advierte,_,_,VERB,I
vez,_,_,NOUN,O
video,_,_,PROPN,O
video,_,_,NOUN,I
video,false,Insertion,PROPN,O
video,false,Insertion,NOUN,I
publicada,_,_,ADJ,O
crea,_,_,VERB,O
seguirlo,_,_,VERB,O
adulta,_,_,ADJ,O
Siempre,_,_,ADV,O
importante,_,_,ADJ,O
pedirle,_,_,NOUN,O
antes,_,_,ADV,O
contó,_,_,VERB,O
vocera,_,_,NOUN,O
organismo,_,_,NOUN,O
Si,_,_,SCONJ,O
Si,_,_,SCONJ,B
trata,_,_,VERB,O
piensa,_,_,VERB,O
gustaría,_,_,VERB,O
publicaras,_,_,VERB,O
avergonzaría,_,_,VERB,O
estás,_,_,AUX,I
seguro,_,_,ADJ,I
mejor,_,_,ADJ,O
mejor,_,_,ADJ,I
hagas,_,_,VERB,O
fraudes,_,_,NOUN,I
fraudes,_,_,NOUN,O
Más,_,_,ADV,I
Más,_,_,ADV,B
Más,_,_,ADV,O
allá,_,_,ADV,I
allá,_,_,ADV,O
dilemas,_,_,NOUN,I
éticos,_,_,ADJ,I
comparten,_,_,VERB,O
implicar,_,_,VERB,O
riesgos,_,_,NOUN,O
seguridad,_,_,NOUN,O
seguridad,_,_,NOUN,I
Según,_,_,ADP,B
compañía,_,_,NOUN,O
servicios,_,_,NOUN,O
financieros,_,_,ADJ,O
financieros,_,_,NOUN,O
Barclays,_,_,PROPN,B
Barclays,false,Named Entity,PROPN,B
puerta,_,_,NOUN,O
banco,_,_,NOUN,I
dice,_,_,VERB,O
comprometiendo,_,_,VERB,O
financiera,_,_,ADJ,O
futura,_,_,ADJ,O
suya,_,_,DET,O
propia,_,_,ADJ,O
propia,_,_,DET,O
medida,_,_,NOUN,O
datos,_,_,NOUN,O
De,_,_,ADP,B
De,_,_,ADP,O
empresa,_,_,NOUN,O
empresa,_,_,NOUN,I
calcula,_,_,VERB,O
hacia,_,_,ADP,O
2030,_,_,NOUN,O
podría,_,_,AUX,O
podría,_,_,AUX,I
costar,_,_,VERB,O
millones,_,_,NOUN,O
millones,_,_,NOUN,I
línea,_,_,NOUN,O
siendo,_,_,AUX,O
responsable,_,_,ADJ,O
responsable,_,_,ADJ,I
responsable,_,_,NOUN,O
dos,_,_,NUM,O
dos,_,_,NUM,I
terceras,_,_,ADJ,O
partes,_,_,NOUN,O
suplantaciones,_,_,NOUN,O
identidad,_,_,NOUN,O
próxima,_,_,ADJ,O
próxima,_,_,ADJ,I
década,_,_,NOUN,O
década,_,_,NOUN,I
cometer,_,_,VERB,O
estafas,_,_,NOUN,O
nunca,_,_,ADV,O
fue,_,_,AUX,O
fácil,_,_,ADJ,O
fácil,_,_,ADJ,I
señala,_,_,VERB,O
dejan,_,_,AUX,O
dejan,_,_,VERB,O
llevar,_,_,VERB,O
falsa,_,_,ADJ,O
sensación,_,_,NOUN,O
dan,_,_,VERB,O
dan,_,_,VERB,I
convierten,_,_,VERB,O
blancos,_,_,NOUN,O
ellos,_,_,PRON,O
permanece,_,_,VERB,O
Otra,_,_,DET,O
Otra,_,_,DET,B
compartiendo,_,_,VERB,O
demasiada,_,_,DET,O
producirá,_,_,VERB,O
"7,4",_,_,NUM,O
casos,_,_,NOUN,O
año,_,_,NOUN,O
año,_,_,NOUN,I
robo,_,_,NOUN,O
asegura,_,_,VERB,O
Esa,_,_,DET,B
advierten,_,_,VERB,O
usada,_,_,VERB,O
hackear,true,Insertion,VERB,O
contraseñas,_,_,NOUN,O
suplantar,_,_,VERB,O
Entre,_,_,ADP,B
Entre,_,_,ADP,O
menudo,_,_,NOUN,O
revelan,_,_,VERB,O
nombres,_,_,NOUN,O
edad,_,_,NOUN,O
fecha,_,_,NOUN,O
nacimiento,_,_,NOUN,O
dirección,_,_,NOUN,O
nombre,_,_,NOUN,O
nombre,_,_,NOUN,I
escuela,_,_,NOUN,O
mascota,_,_,NOUN,O
mascota,_,_,NOUN,I
Muchos,_,_,PRON,O
esos,_,_,DET,O
detalles,_,_,NOUN,O
siguen,_,_,VERB,O
disponibles,_,_,ADJ,O
después,_,_,ADV,O
después,_,_,ADV,I
pasan,_,_,AUX,O
pasan,_,_,VERB,I
pasan,_,_,VERB,O
adultos,_,_,NOUN,O
usados,_,_,VERB,O
hackers,false,Insertion,NOUN,O
compras,_,_,NOUN,O
compras,_,_,NOUN,I
online,false,Insertion,PROPN,O
online,false,Insertion,VERB,O
online,_,_,PROPN,O
online,_,_,VERB,O
préstamos,_,_,NOUN,O
fraudulentos,_,_,NOUN,O
transacciones,_,_,NOUN,O
tarjetas,_,_,NOUN,O
crédito,_,_,NOUN,O
Ecix,_,_,PROPN,B
despacho,_,_,NOUN,O
ciberabogados,_,_,ADJ,O
dedicados,_,_,ADJ,O
defender,_,_,VERB,O
empresas,_,_,NOUN,O
grandes,_,_,ADJ,O
particulares,_,_,NOUN,O
aseguran,_,_,VERB,O
saber,_,_,AUX,O
saber,_,_,NOUN,O
existencia,_,_,NOUN,O
ciertas,_,_,DET,O
provocar,_,_,VERB,O
éstas,_,_,PRON,O
usadas,_,_,VERB,O
fines,_,_,NOUN,O
pornografía,_,_,NOUN,O
infantil,_,_,ADJ,O
ciberacoso,_,_,ADJ,O
ciberbullying,true,Insertion,NOUN,O
cibersuplantación,_,_,NOUN,O
Por,_,_,ADP,O
Por,_,_,ADP,B
estos,_,_,DET,O
estos,_,_,DET,I
motivos,_,_,NOUN,O
conviene,_,_,VERB,O
pensar,_,_,AUX,O
pensar,_,_,VERB,O
será,_,_,AUX,O
beneficioso,_,_,ADJ,O
nuestros,_,_,DET,O
suyas,_,_,ADJ,O
permanezcan,_,_,VERB,O
lee,_,_,VERB,O
sitio,_,_,NOUN,O
web,false,Insertion,ADJ,O
medidas,_,_,NOUN,O
tomar,_,_,VERB,O
especialistas,_,_,NOUN,O
informática,_,_,ADJ,O
dicen,_,_,VERB,O
comprobar,_,_,VERB,O
ajustes,_,_,NOUN,O
deben,_,_,AUX,O
saben,_,_,VERB,O
públicos,_,_,ADJ,O
Gracias,_,_,NOUN,O
Gracias,_,_,PROPN,I
estafadores,_,_,NOUN,O
obtener,_,_,VERB,O
tipo,_,_,NOUN,O
tipo,_,_,NOUN,I
requieren,_,_,VERB,O
robarle,_,_,PROPN,O
alguien,_,_,PRON,O
Jodie,_,_,PROPN,B
Gilbert,_,_,PROPN,I
Creo,_,_,VERB,O
Creo,_,_,VERB,B
fundamental,_,_,ADJ,O
revisar,_,_,VERB,O
regularmente,_,_,ADV,O
cuentas,_,_,NOUN,O
evitar,_,_,AUX,O
evitar,_,_,VERB,O
caiga,_,_,ADJ,O
manos,_,_,NOUN,O
equivocadas,_,_,ADJ,O
añade,_,_,VERB,O
Tanto,_,_,ADV,B
cuentan,_,_,VERB,O
opciones,_,_,NOUN,O
limitar,_,_,VERB,O
ven,_,_,VERB,O
recomendable,_,_,ADJ,O
desactivar,_,_,VERB,O
funciones,_,_,NOUN,O
ubicación,_,_,NOUN,O
geolocalización,_,_,NOUN,O
dar,_,_,VERB,O
dar,_,_,VERB,I
privada,_,_,ADJ,O
sabes,_,_,VERB,O
ciencia,_,_,NOUN,O
cierta,_,_,DET,O
usar,_,_,VERB,O
opción,_,_,NOUN,I
opción,_,_,NOUN,O
mostrar,_,_,VERB,O
proteger,_,_,VERB,O
así,_,_,ADV,O
así,_,_,ADV,I
ARTICLE0005,_,_,PROPN,B
revival,_,_,NOUN,I
Mussolini,_,_,PROPN,I
Mussolini,_,_,PROPN,B
comedia,_,_,NOUN,O
comedia,_,_,NOUN,I
polémica,_,_,ADJ,O
polémica,_,_,NOUN,O
Italia,_,_,PROPN,B
Italia,_,_,PROPN,I
Sono,_,_,PROPN,B
tornato,_,_,PROPN,I
tornato,_,_,ADJ,I
tornato,_,_,NOUN,I
tornato,_,_,ADJ,O
muestra,_,_,VERB,O
Duce,_,_,PROPN,B
actualidad,_,_,NOUN,O
abrió,_,_,VERB,O
debates,_,_,NOUN,O
disparó,_,_,VERB,O
críticas,_,_,NOUN,O
ROMA,_,_,PROPN,B
He,_,_,AUX,O
regresado,_,_,VERB,O
título,_,_,NOUN,O
título,_,_,NOUN,I
está,_,_,AUX,O
está,_,_,VERB,I
está,_,_,VERB,O
está,_,_,AUX,I
dando,_,_,VERB,O
hablar,_,_,VERB,O
hablar,_,_,VERB,I
cual,_,_,PRON,O
repentinamente,_,_,ADV,O
tras,_,_,ADP,O
explosión,_,_,NOUN,O
misteriosa,_,_,ADJ,O
Benito,_,_,PROPN,B
padre,_,_,NOUN,O
padre,_,_,NOUN,I
fascismo,_,_,NOUN,O
vuelve,_,_,AUX,O
vuelve,_,_,VERB,O
país,_,_,NOUN,O
país,_,_,NOUN,I
72,_,_,NUM,O
muerte,_,_,NOUN,O
fusilamiento,_,_,NOUN,O
28,_,_,NUM,O
abril,_,_,NOUN,O
1945,_,_,NUM,O
61,_,_,NUM,O
película,_,_,NOUN,I
película,_,_,NOUN,O
versión,_,_,NOUN,O
versión,_,_,NOUN,I
italiana,_,_,ADJ,O
otro,_,_,DET,O
film,_,_,NOUN,O
parecido,_,_,ADJ,O
parecido,_,_,ADJ,I
hizo,_,_,VERB,O
hizo,_,_,VERB,I
Alemania,_,_,PROPN,B
Adolf,_,_,PROPN,B
Hitler,_,_,PROPN,I
pinta,_,_,VERB,O
retrato,_,_,NOUN,O
terrible,_,_,ADJ,O
actual,_,_,ADJ,O
regresa,_,_,VERB,O
pleno,_,_,ADJ,O
verano,_,_,NOUN,O
Roma,_,_,PROPN,B
caótica,_,_,ADJ,O
interpretado,_,_,ADJ,O
actor,_,_,NOUN,O
Massimo,_,_,PROPN,B
Popolizio,_,_,PROPN,I
puesto,_,_,VERB,O
banquillo,_,_,NOUN,O
denostado,_,_,ADJ,O
significó,_,_,VERB,O
historia,_,_,NOUN,O
historia,_,_,NOUN,I
dictadura,_,_,NOUN,O
fascista,_,_,ADJ,O
derrota,_,_,NOUN,O
Segunda,_,_,PROPN,B
Guerra,_,_,PROPN,I
Mundial,_,_,PROPN,I
leyes,_,_,NOUN,O
raciales,_,_,ADJ,O
judíos,_,_,NOUN,O
televisivo,_,_,ADJ,O
Al,_,_,ADP,B
Al,_,_,ADP,O
estilo,_,_,NOUN,I
estilo,_,_,NOUN,O
reality,false[1],Insertion[1],PROPN,I
shows,false[1],Insertion[1],PROPN,I
torna,_,_,VERB,O
divo,_,_,NOUN,O
denuncia,_,_,VERB,O
ese,_,_,DET,O
sometimiento,_,_,NOUN,O
italianos,_,_,NOUN,O
caja,_,_,PROPN,O
boba,_,_,PROPN,O
rompe,_,_,VERB,O
todos,_,_,DET,O
todos,_,_,PRON,O
todos,_,_,PRON,I
récords,_,_,NOUN,O
audiencia,_,_,NOUN,O
mayoría,_,_,NOUN,O
gente,_,_,NOUN,O
gente,_,_,NOUN,I
increparlo,_,_,VERB,O
calle,_,_,NOUN,O
hubo,_,_,AUX,O
cámaras,_,_,NOUN,O
reales,_,_,ADJ,O
escenas,_,_,NOUN,O
saca,_,_,VERB,O
selfies,false,Insertion,NOUN,O
saluda,_,_,VERB,O
saluda,_,_,ADJ,O
brazo,_,_,NOUN,O
alto,_,_,NOUN,O
viva,_,_,VERB,O
habla,_,_,VERB,O
pueblo,_,_,NOUN,O
italiano,_,_,NOUN,O
indulgente,_,_,ADV,O
líderes,true,Insertion,NOUN,O
nadie,_,_,PRON,I
nadie,_,_,PRON,O
da,_,_,VERB,O
extraño,_,_,ADJ,O
hombre,_,_,NOUN,O
hombre,_,_,NOUN,I
pelado,_,_,ADJ,O
parecer,_,_,NOUN,O
parecer,_,_,NOUN,I
disfrazado,_,_,ADJ,O
realmente,_,_,ADV,O
ríen,_,_,VERB,O
proclama,_,_,VERB,O
políticamente,_,_,ADV,O
correctas,_,_,VERB,O
atacar,_,_,VERB,O
democracia,_,_,NOUN,O
putrefacción,_,_,NOUN,O
inmigrantes,_,_,NOUN,O
gays,false,Insertion,PROPN,O
izquierda,_,_,NOUN,O
izquierda,_,_,ADJ,O
atrapa,_,_,VERB,O
porque,_,_,SCONJ,O
ideas,_,_,NOUN,O
males,_,_,NOUN,O
líder,true,Insertion,NOUN,O
fuerte,_,_,ADJ,O
mando,_,_,NOUN,O
económica,_,_,ADJ,O
moralmente,_,_,ADV,O
deriva,_,_,NOUN,O
marcado,_,_,ADJ,O
marcado,_,_,VERB,O
escándalos,_,_,NOUN,O
corrupción,_,_,NOUN,O
continuos,_,_,ADJ,O
principio,_,_,NOUN,O
principio,_,_,NOUN,I
hace,_,_,AUX,O
hace,_,_,VERB,O
reír,_,_,VERB,O
termina,_,_,VERB,O
drama,_,_,NOUN,O
grotesco,_,_,ADJ,O
estrenó,_,_,VERB,O
estrenó,_,_,VERB,I
semana,_,_,NOUN,O
pasada,_,_,ADJ,O
momentos,_,_,NOUN,O
gran,_,_,ADJ,O
preocupación,_,_,NOUN,O
auge,_,_,NOUN,O
grupos,_,_,NOUN,O
grupos,_,_,NOUN,I
extrema,_,_,ADJ,O
extrema,_,_,ADJ,I
derecha,_,_,NOUN,O
derecha,_,_,NOUN,I
neofascistas,_,_,ADJ,O
plena,_,_,ADJ,O
campaña,_,_,NOUN,O
electoral,_,_,ADJ,O
vista,_,_,NOUN,O
elecciones,_,_,NOUN,O
renovar,_,_,VERB,O
Parlamento,_,_,PROPN,B
4,_,_,NUM,O
marzo,_,_,NOUN,O
próximo,_,_,ADJ,O
próximo,_,_,ADJ,I
según,_,_,ADP,O
según,_,_,ADP,B
sondeos,_,_,NOUN,O
ganará,_,_,VERB,O
alianza,_,_,NOUN,O
auspiciada,_,_,ADJ,O
ex,_,_,ADJ,O
primer,_,_,ADJ,O
ministro,_,_,NOUN,O
Silvio,_,_,PROPN,B
Berlusconi,_,_,PROPN,I
participa,_,_,VERB,O
xenófoba,_,_,NOUN,O
Liga,_,_,PROPN,B
Liga,_,_,PROPN,I
Norte,_,_,PROPN,I
números,_,_,NOUN,O
necesarios,_,_,ADJ,O
formar,_,_,VERB,O
gobierno,_,_,NOUN,O
además,_,_,ADV,I
además,_,_,ADV,O
día,_,_,NOUN,O
quedara,_,_,VERB,O
conmovida,_,_,ADJ,O
ataque,_,_,NOUN,O
xenófobo,_,_,PROPN,O
ciudad,_,_,NOUN,O
Macerata,_,_,PROPN,B
Allí,_,_,ADV,B
Luca,_,_,PROPN,B
Traini,_,_,PROPN,I
Traini,_,_,PROPN,B
sábado,_,_,NOUN,O
pasado,_,_,ADJ,O
pasado,_,_,NOUN,O
desde,_,_,ADP,O
auto,_,_,NOUN,O
extranjeros,_,_,ADJ,O
;,_,_,PUNCT,O
hirió,_,_,VERB,O
seis,_,_,NUM,O
africanos,_,_,NOUN,O
africanos,_,_,ADJ,O
Antes,_,_,ADV,O
Antes,_,_,ADV,B
detenido,_,_,VERB,O
policía,_,_,NOUN,O
envuelto,_,_,NOUN,O
bandera,_,_,NOUN,O
tricolor,_,_,ADJ,O
saludo,_,_,NOUN,O
gritó,_,_,VERB,O
¡,_,_,PUNCT,B
Viva,_,_,PROPN,I
!,_,_,PUNCT,I
Ligado,_,_,ADJ,B
excandidato,_,_,NOUN,I
municipal,_,_,ADJ,I
actuó,_,_,VERB,O
vengarse,_,_,NOUN,O
nigeriano,_,_,NOUN,O
presunto,_,_,ADJ,O
autor,_,_,NOUN,O
asesinato,_,_,NOUN,O
chica,_,_,NOUN,O
chica,_,_,ADJ,O
18,_,_,NUM,O
apareció,_,_,VERB,O
descuartizada,_,_,ADJ,O
valijas,_,_,NOUN,O
campiña,_,_,NOUN,O
zona,_,_,NOUN,O
convirtió,_,_,VERB,O
suerte,_,_,NOUN,O
suerte,_,_,NOUN,I
justiciero,_,_,ADJ,O
esa,_,_,DET,O
esa,_,_,DET,I
últimos,_,_,ADJ,O
últimos,_,_,ADJ,I
ido,_,_,AUX,O
ido,_,_,VERB,O
incubando,_,_,VERB,O
rabia,_,_,NOUN,O
rabia,_,_,ADJ,O
sentimientos,_,_,NOUN,O
racistas,_,_,ADJ,O
oleada,_,_,NOUN,O
migratoria,_,_,ADJ,O
Estamos,_,_,AUX,O
Estamos,_,_,AUX,B
umbral,_,_,NOUN,O
estación,_,_,NOUN,O
estación,_,_,NOUN,I
neofascista,_,_,ADJ,O
tonos,_,_,NOUN,O
actitudes,_,_,NOUN,O
política,_,_,NOUN,O
política,_,_,ADJ,O
debe,_,_,AUX,O
debe,_,_,VERB,O
denunciarlo,_,_,VERB,O
advirtió,_,_,VERB,O
Graziano,_,_,PROPN,B
Delrio,_,_,PROPN,I
Infraestructura,_,_,PROPN,B
Paolo,_,_,PROPN,B
Gentiloni,_,_,PROPN,I
histórico,_,_,ADJ,O
tragedia,_,_,NOUN,O
vergüenza,_,_,NOUN,O
desastre,_,_,NOUN,O
guerra,_,_,NOUN,O
guerra,_,_,NOUN,B
volver,_,_,VERB,O
volver,_,_,AUX,O
ideología,_,_,NOUN,O
totalmente,_,_,ADV,O
derrotada,_,_,ADJ,O
Quien,_,_,PRON,B
justifica,_,_,VERB,I
episodios,_,_,NOUN,I
abre,_,_,VERB,O
puertas,_,_,NOUN,O
retorno,_,_,NOUN,O
alertó,_,_,VERB,O
entrevista,_,_,NOUN,O
Repubblica,_,_,PROPN,I
gobernó,_,_,VERB,O
durante,_,_,ADP,O
20,_,_,NUM,O
partir,_,_,NOUN,O
1922,_,_,NOUN,O
asoma,_,_,VERB,O
cambiada,_,_,ADJ,O
superficial,_,_,ADJ,O
pesadilla,_,_,NOUN,O
Había,_,_,AUX,O
Había,_,_,AUX,B
analfabetas,_,_,VERB,O
analfabetas,_,_,AUX,O
época,_,_,NOUN,O
sigue,_,_,AUX,O
habiendo,_,_,AUX,O
Ve,_,_,VERB,B
turistas,_,_,NOUN,I
romanos,_,_,NOUN,I
paseando,_,_,VERB,O
ojotas,_,_,NOUN,O
bermudas,_,_,ADJ,O
disgustado,_,_,ADJ,O
Chancletas,_,_,PROPN,B
pantorrillas,_,_,NOUN,O
desnudas,_,_,ADJ,O
Estoy,_,_,VERB,B
Estoy,_,_,AUX,O
Addis,_,_,PROPN,I
Abeba,_,_,PROPN,I
Dónde,_,_,PRON,B
terminó,_,_,VERB,O
Imperio,_,_,PROPN,B
Cuando,_,_,SCONJ,O
Cuando,_,_,SCONJ,B
intentan,_,_,VERB,O
explicarle,_,_,PRON,O
cómo,_,_,PRON,O
cómo,_,_,PRON,I
funciona,_,_,VERB,O
Internet,false,Insertion,PROPN,B
Internet,false,Insertion,PROPN,I
Internet,_,_,PROPN,B
Internet,_,_,PROPN,I
frente,_,_,NOUN,O
frente,_,_,ADV,O
computadora,_,_,NOUN,O
queja,_,_,VERB,O
anglicismos,_,_,NOUN,O
anglicismos,_,_,NOUN,I
lengua,_,_,NOUN,O
Mouse,false,Insertion,PROPN,B
llaman,_,_,VERB,O
simplemente,_,_,ADV,O
ratón,_,_,NOUN,O
espantado,_,_,ADJ,O
Mi,_,_,DET,O
quien,_,_,PRON,O
queríamos,_,_,VERB,O
juzgar,_,_,VERB,O
sino,_,_,CONJ,O
hoy,_,_,ADV,O
Miniero,_,_,PROPN,I
Miniero,_,_,PROPN,B
director,_,_,NOUN,O
uno,_,_,PRON,O
uno,_,_,PRON,I
ríe,_,_,ADV,O
avergüenza,_,_,VERB,O
nos,_,_,PRON,O
nos,_,_,PRON,I
alien,false,Insertion,NOUN,O
miedo,_,_,NOUN,O
hacer,_,_,AUX,O
hacer,_,_,VERB,O
poder,_,_,NOUN,O
poder,_,_,AUX,O
nosotros,_,_,PRON,O
forma,_,_,VERB,O
forma,_,_,NOUN,O
nuestro,_,_,DET,O
nuestro,_,_,DET,B
paisaje,_,_,NOUN,O
moral,_,_,ADJ,O
Además,_,_,ADV,B
distantes,_,_,ADJ,O
figura,_,_,NOUN,O
dictador,_,_,NOUN,O
alemanes,_,_,NOUN,O
puntualiza,_,_,VERB,O
imaginó,_,_,VERB,O
estrenarí,_,_,VERB,O
período,_,_,NOUN,O
rojo,_,_,NOUN,O
vivo,_,_,ADJ,O
tendría,_,_,VERB,O
semejante,_,_,DET,O
repercusión,_,_,NOUN,O
sé,_,_,VERB,O
listos,_,_,ADJ,O
populismo,_,_,NOUN,O
espero,_,_,VERB,I
haga,_,_,VERB,I
haga,_,_,VERB,O
reflexionar,_,_,VERB,I
ARTICLE0010,_,_,PROPN,B
boom,_,_,NOUN,I
boom,_,_,NOUN,O
glamping,_,_,NOUN,I
glamping,_,_,NOUN,O
glamping,false,Insertion,NOUN,I
glamping,false,Insertion,NOUN,O
acapara,_,_,VERB,O
Esta,_,_,DET,B
Esta,_,_,PRON,B
modalidad,_,_,NOUN,I
modalidad,_,_,NOUN,O
alojamiento,_,_,NOUN,I
alojamiento,_,_,NOUN,O
nace,_,_,VERB,O
unión,_,_,PROPN,O
unión,_,_,NOUN,O
camping,_,_,NOUN,O
camping,_,_,NOUN,I
camping,false,Insertion,NOUN,O
camping,false,Insertion,NOUN,I
glamour,_,_,PROPN,O
glamour,_,_,ADJ,O
glamour,false,Insertion,PROPN,O
glamour,false,Insertion,ADJ,O
redefine,_,_,VERB,O
vacaciones,_,_,NOUN,O
naturales,_,_,ADJ,O
Uno,_,_,PRON,B
domos,_,_,NOUN,I
Craftycamping,false,Named Entity,PROPN,B
región,_,_,NOUN,O
inglesa,_,_,ADJ,O
Dorset,_,_,PROPN,B
Crédito,_,_,PROPN,I
Crédito,_,_,NOUN,B
Gentileza,_,_,PROPN,B
Crafty,false[2],Named Entity[2],PROPN,I
Camping,false[2],Named Entity[2],PROPN,I
LONDRES,_,_,PROPN,O
bolsa,_,_,NOUN,I
dormir,_,_,VERB,I
dormir,_,_,VERB,O
ni,_,_,CONJ,O
ni,_,_,CONJ,I
garrafa,_,_,PROPN,O
portátil,_,_,ADJ,O
cocinar,_,_,VERB,O
Se,_,_,PRON,B
Se,_,_,PRON,O
terminaron,_,_,VERB,I
horas,_,_,NOUN,I
horas,_,_,NOUN,O
ingenio,_,_,NOUN,I
desperdiciadas,_,_,ADJ,I
dilucidar,_,_,AUX,O
armar,_,_,VERB,O
carpa,_,_,NOUN,O
carpa,_,_,PROPN,O
carpa,_,_,ADJ,O
nueva,_,_,ADJ,O
manera,_,_,NOUN,O
manera,_,_,NOUN,I
experimentar,_,_,VERB,O
naturaleza,_,_,NOUN,O
popular,_,_,ADJ,O
popular,_,_,ADJ,I
entre,_,_,ADP,O
entre,_,_,ADP,I
británicos,_,_,NOUN,O
británicos,_,_,ADJ,O
Aunque,_,_,SCONJ,B
Aunque,_,_,SCONJ,O
esta,_,_,DET,I
esta,_,_,DET,O
novedad,_,_,NOUN,O
sí,_,_,PRON,O
sí,_,_,ADV,I
sí,_,_,ADV,O
interesante,_,_,ADJ,O
comenzó,_,_,VERB,O
comenzó,_,_,AUX,I
comenzó,_,_,VERB,I
transformarse,_,_,PROPN,O
transformarse,_,_,NOUN,O
algo,_,_,PRON,O
algo,_,_,ADV,O
masivo,_,_,ADJ,O
hábitos,_,_,NOUN,O
ponen,_,_,VERB,O
moda,_,_,NOUN,O
Gran,_,_,ADJ,B
Bretaña,_,_,PROPN,I
suelen,_,_,AUX,O
adoptarse,_,_,PROPN,O
luego,_,_,ADV,O
resto,_,_,NOUN,O
Europa,_,_,PROPN,B
Estas,_,_,DET,B
carpas,_,_,NOUN,O
boutique,_,_,PROPN,O
boutique,_,_,ADJ,O
apuntan,_,_,VERB,O
generar,_,_,VERB,O
experiencia,_,_,NOUN,O
inmersión,_,_,NOUN,O
total,_,_,ADJ,O
total,_,_,NOUN,O
comodidad,_,_,NOUN,O
hotel,_,_,NOUN,O
alta,_,_,ADJ,O
gama,_,_,NOUN,O
Las,_,_,PRON,B
Las,_,_,DET,B
Las,_,_,DET,O
casitas,_,_,NOUN,I
arriba,_,_,ADV,I
árboles,_,_,NOUN,I
cápsulas,_,_,NOUN,O
vidrio,_,_,NOUN,O
insertadas,_,_,ADJ,O
paisajes,_,_,NOUN,O
fastuosos,_,_,ADJ,O
iglús,_,_,NOUN,O
hielo,_,_,NOUN,O
terrazas,_,_,NOUN,O
preparadas,_,_,ADJ,O
bajo,_,_,ADP,O
bajo,_,_,ADP,I
estrellas,_,_,NOUN,O
quedan,_,_,VERB,I
atrás,_,_,ADV,I
tiendas,_,_,NOUN,O
inspiradas,_,_,ADJ,O
safaris,_,_,NOUN,O
África,_,_,PROPN,B
similares,_,_,ADJ,O
podrían,_,_,AUX,O
podrían,_,_,AUX,B
utilizar,_,_,VERB,O
beduinos,_,_,NOUN,O
Sahara,_,_,PROPN,B
Con,_,_,ADP,O
Con,_,_,ADP,B
familia,_,_,NOUN,O
hemos,_,_,AUX,O
varias,_,_,DET,O
varias,_,_,PRON,O
veces,_,_,NOUN,O
Martina,_,_,PROPN,B
Florez,_,_,PROPN,I
Argentina,_,_,PROPN,B
Argentina,_,_,PROPN,I
Argentina,_,_,PROPN,O
hijas,_,_,NOUN,O
vive,_,_,VERB,O
Londres,_,_,PROPN,B
Londres,_,_,PROPN,I
10,_,_,NUM,O
perfecto,_,_,ADJ,O
ir,_,_,VERB,O
ir,_,_,NOUN,I
vivís,_,_,NOUN,O
aventura,_,_,NOUN,O
cercanía,_,_,NOUN,O
ofrece,_,_,VERB,O
electricidad,_,_,NOUN,O
conexión,_,_,NOUN,O
todas,_,_,DET,O
todas,_,_,DET,I
comodidades,_,_,NOUN,O
Dormís,_,_,VERB,B
cama,_,_,NOUN,O
tenés,_,_,NOUN,O
tu,_,_,DET,O
propio,_,_,DET,O
baño,_,_,NOUN,O
agua,_,_,NOUN,O
caliente,_,_,ADJ,O
ventaja,_,_,NOUN,O
tener,_,_,AUX,O
tener,_,_,VERB,O
tener,_,_,VERB,I
desarmar,_,_,VERB,O
Pero,_,_,CONJ,B
Pero,_,_,CONJ,O
2.0,_,_,NUM,O
aún,_,_,ADV,O
prearmada,_,_,NOUN,O
han,_,_,AUX,O
agregado,_,_,VERB,O
king,_,_,PROPN,O
size,_,_,PROPN,O
ducha,_,_,NOUN,O
amenities,_,_,NOUN,I
encuentran,_,_,VERB,O
encuentran,_,_,VERB,I
lugares,_,_,NOUN,O
exceden,_,_,VERB,O
tradicional,_,_,ADJ,O
supuesto,_,_,NOUN,I
abundan,_,_,VERB,I
ideados,_,_,ADJ,O
única,_,_,ADJ,O
encantadora,_,_,ADJ,O
van,_,_,VERB,O
van,_,_,AUX,O
cocinas,_,_,NOUN,O
leña,_,_,PROPN,O
fin,_,_,NOUN,O
velas,_,_,NOUN,O
portavelas,_,_,NOUN,O
candelabros,_,_,NOUN,O
anglosajones,_,_,NOUN,O
pinches,_,_,ADJ,O
calentar,_,_,VERB,O
malvaviscos,_,_,ADJ,O
fogata,_,_,NOUN,O
adornos,_,_,NOUN,O
típicas,_,_,ADJ,O
estampas,_,_,NOUN,O
florales,_,_,ADJ,O
Cath,_,_,PROPN,B
Kidston,_,_,PROPN,I
olvidarnos,_,_,NOUN,O
tazas,_,_,NOUN,O
platos,_,_,NOUN,O
melamina,_,_,NOUN,O
infaltables,_,_,ADJ,O
huevos,_,_,NOUN,O
frescos,_,_,ADJ,O
buscar,_,_,VERB,O
gallinero,_,_,NOUN,O
mañana,_,_,NOUN,O
Hoy,_,_,ADV,B
Brexit,false,Named Entity,PROPN,B
Brexit,_,_,PROPN,B
libra,_,_,NOUN,O
débil,_,_,ADJ,O
dado,_,_,VERB,O
lugar,_,_,NOUN,O
este,_,_,DET,O
este,_,_,DET,I
estime,_,_,VERB,O
cifras,_,_,NOUN,O
oficiales,_,_,ADJ,O
record,_,_,NOUN,O
7.3,_,_,NUM,O
veraneando,_,_,VERB,O
isla,_,_,NOUN,O
cuales,_,_,PRON,O
espera,_,_,VERB,O
5.4,_,_,NUM,O
durmiendo,_,_,VERB,O
Para,_,_,ADP,B
Para,_,_,ADP,O
Para,_,_,ADP,I
glampinero,true,Insertion,NOUN,I
alternativa,_,_,NOUN,O
viajes,_,_,NOUN,O
Continental,_,_,PROPN,B
describe,_,_,VERB,O
reciente,_,_,ADJ,O
investigación,_,_,NOUN,O
Pragma,_,_,PROPN,B
Una,_,_,DET,O
Una,_,_,DET,B
Una,_,_,DET,I
conspicua,_,_,NOUN,O
franja,_,_,ADJ,O
veraneantes,_,_,PROPN,O
busca,_,_,NOUN,O
busca,_,_,VERB,O
busca,_,_,VERB,I
experiencias,_,_,NOUN,O
auténticas,_,_,ADJ,O
tiempos,_,_,NOUN,O
tiempos,_,_,NOUN,I
viaje,_,_,NOUN,O
cortos,_,_,ADJ,O
Un,_,_,DET,O
Un,_,_,DET,B
aspecto,_,_,NOUN,O
atrayendo,_,_,VERB,O
nuevo,_,_,ADJ,O
grupo,_,_,NOUN,O
vacacionar,_,_,VERB,O
aire,_,_,NOUN,O
aire,_,_,NOUN,I
libre,_,_,ADJ,O
libre,_,_,ADJ,I
consideró,_,_,VERB,O
hará,_,_,VERB,O
comenta,_,_,VERB,O
Sarah,_,_,PROPN,B
Riley,_,_,PROPN,I
Riley,_,_,PROPN,B
experta,_,_,NOUN,O
independiente,_,_,ADJ,O
asesora,_,_,VERB,O
emprendedores,_,_,NOUN,O
quieren,_,_,VERB,O
quieren,_,_,VERB,I
incursionar,_,_,VERB,O
industria,_,_,NOUN,O
originalidad,_,_,NOUN,O
propuesta,_,_,NOUN,O
propuesta,_,_,ADJ,O
formas,_,_,NOUN,O
tipis,false,Insertion,NOUN,O
iguales,_,_,ADJ,O
tantas,_,_,DET,O
visto,_,_,VERB,O
películas,_,_,NOUN,O
americanas,_,_,ADJ,O
cowboys,false,Insertion,PROPN,O
Boing,false[3],Named Entity[3],PROPN,B
767,false[3],Named Entity[3],NUM,I
retirado,_,_,ADJ,O
podemos,_,_,AUX,O
encontrar,_,_,VERB,O
Irlanda,_,_,PROPN,B
Esto,_,_,PRON,O
entusiasma,_,_,VERB,O
turista,true,Insertion,NOUN,O
turista,_,_,NOUN,O
quiera,_,_,VERB,O
Probablemente,_,_,ADV,O
extravagante,_,_,ADJ,O
remonte,_,_,ADV,O
1520,_,_,NUM,O
norte,_,_,NOUN,O
Francia,_,_,PROPN,B
motivo,_,_,NOUN,O
encuentro,_,_,NOUN,O
reyes,_,_,PROPN,I
Enrique,_,_,PROPN,B
VIII,_,_,PROPN,I
Francisco,_,_,PROPN,B
I,_,_,CONJ,I
montaron,_,_,VERB,O
cerca,_,_,ADV,O
3000,_,_,NUM,O
fuentes,_,_,NOUN,O
salían,_,_,VERB,O
borbotones,_,_,NOUN,O
litros,_,_,ADJ,O
litros,_,_,NOUN,O
incitante,_,_,ADJ,O
vino,_,_,NOUN,O
francés,_,_,ADJ,O
francés,_,_,NOUN,O
Garri,_,_,PROPN,B
Rayner,_,_,PROPN,I
fundador,_,_,NOUN,O
goglamping.net,_,_,PROPN,O
turismo,_,_,NOUN,O
creciendo,_,_,VERB,O
popularidad,_,_,NOUN,O
popularidad,_,_,NOUN,I
par,_,_,NOUN,O
par,_,_,NOUN,I
diversos,_,_,DET,O
festivales,_,_,NOUN,O
música,_,_,NOUN,O
célebres,_,_,ADJ,O
suele,_,_,AUX,O
suele,_,_,PROPN,O
pernoctar,_,_,VERB,O
ofrecen,_,_,VERB,O
caso,_,_,NOUN,I
caso,_,_,NOUN,O
María,_,_,PROPN,I
Códega,_,_,PROPN,I
ingeniera,_,_,NOUN,O
industrial,_,_,ADJ,O
36,_,_,NUM,O
consecutivas,_,_,ADJ,O
Glastonbury,_,_,PROPN,B
finalmente,_,_,ADV,O
optó,_,_,VERB,O
motorhome,false,Insertion,PROPN,O
concepto,_,_,NOUN,I
concepto,_,_,NOUN,O
Glamping,false,Insertion,PROPN,I
utilizarse,_,_,PROPN,O
aproximadamente,_,_,ADV,O
2005,_,_,NOUN,O
notable,_,_,ADJ,O
palabra,_,_,NOUN,O
sea,_,_,AUX,O
originalmente,_,_,ADV,O
refería,_,_,VERB,O
hechizo,_,_,NOUN,O
mágico,_,_,ADJ,O
afectaba,_,_,VERB,O
percepción,_,_,NOUN,O
visual,_,_,ADJ,O
u,_,_,CONJ,O
objeto,_,_,NOUN,O
percibidos,_,_,ADJ,O
diferente,_,_,ADJ,O
atractiva,_,_,ADJ,O
Tal,_,_,NOUN,O
simple,_,_,ADJ,O
vinculación,_,_,NOUN,O
creada,_,_,VERB,O
creada,_,_,ADJ,O
atraer,_,_,VERB,O
acercarse,_,_,PROPN,O
O,_,_,CONJ,O
O,_,_,CONJ,I
tal,_,_,NOUN,O
remita,_,_,VERB,O
nostalgia,_,_,NOUN,O
viejo,_,_,ADJ,O
éxito,_,_,NOUN,O
inventores,_,_,NOUN,O
marketing,_,_,NOUN,O
marketing,_,_,PROPN,O
marketing,false,Insertion,NOUN,O
marketing,false,Insertion,PROPN,O
multimillonaria,_,_,ADJ,O
logró,_,_,VERB,O
transformar,_,_,VERB,O
altas,_,_,ADJ,O
probabilidades,_,_,NOUN,O
lluvia,_,_,NOUN,O
atractivo,_,_,ADJ,O
atractivo,_,_,NOUN,O
ARTICLE0013,_,_,VERB,B
Populismo,_,_,PROPN,B
Populismo,_,_,PROPN,O
triunfo,_,_,NOUN,I
triunfo,_,_,NOUN,O
Donald,_,_,PROPN,I
Donald,_,_,PROPN,B
Trump,_,_,PROPN,I
Estados,_,_,PROPN,O
Estados,_,_,PROPN,I
Estados,_,_,PROPN,B
Unidos,_,_,PROPN,O
Unidos,_,_,PROPN,I
impulsó,_,_,VERB,O
acerca,_,_,ADV,O
Fuente,_,_,PROPN,B
Fuente,_,_,PROPN,I
Reuters,_,_,PROPN,I
Reuters,_,_,PROPN,B
Jonathan,_,_,PROPN,I
Ernst,_,_,PROPN,I
Fue,_,_,PROPN,O
elegida,_,_,ADJ,O
elegida,_,_,VERB,O
Fundación,_,_,PROPN,B
Fundación,_,_,PROPN,I
Español,_,_,PROPN,I
Urgente,_,_,PROPN,I
término,_,_,NOUN,O
marcó,_,_,VERB,O
informativa,_,_,ADJ,O
gracias,_,_,NOUN,O
promovida,_,_,ADJ,O
Agencia,_,_,PROPN,B
EFE,_,_,PROPN,I
BBVA,_,_,PROPN,B
BBVA,_,_,PROPN,I
cuarto,_,_,ADJ,I
consecutivo,_,_,ADJ,I
Fundéu,_,_,PROPN,B
Fundéu,_,_,PROPN,I
dio,_,_,VERB,O
conocer,_,_,NOUN,O
conocer,_,_,VERB,I
términos,_,_,NOUN,O
términos,_,_,ADJ,O
interés,_,_,NOUN,O
interés,_,_,NOUN,I
lingüístico,_,_,ADJ,O
Tras,_,_,ADP,B
Tras,_,_,ADP,O
elegir,_,_,VERB,I
elegir,_,_,VERB,O
escrache,_,_,PROPN,I
2013,_,_,NOUN,O
selfi,true,Insertion,NOUN,O
2014,_,_,NOUN,O
refugiado,_,_,ADJ,O
2015,_,_,NOUN,O
equipo,_,_,NOUN,O
optado,_,_,VERB,O
ocasión,_,_,NOUN,O
neutra,_,_,ADJ,O
cargando,_,_,VERB,O
connotaciones,_,_,NOUN,O
convertirse,_,_,PROPN,O
arma,_,_,NOUN,O
político,_,_,ADJ,O
Parecía,_,_,AUX,B
claro,_,_,ADJ,O
claro,_,_,ADV,O
éste,_,_,PRON,O
acontecimientos,_,_,NOUN,O
acontecimientos,_,_,NOUN,I
importancia,_,_,NOUN,O
global,_,_,ADJ,O
victoria,_,_,NOUN,O
diferentes,_,_,ADJ,O
diferentes,_,_,DET,O
procesos,_,_,NOUN,O
electorales,_,_,ADJ,O
plebiscitarios,_,_,NOUN,O
América,_,_,PROPN,B
España,_,_,PROPN,B
tenía,_,_,VERB,O
venir,_,_,VERB,O
venir,_,_,VERB,I
ámbito,_,_,NOUN,O
coordinador,_,_,NOUN,O
general,_,_,ADJ,O
general,_,_,NOUN,O
Javier,_,_,PROPN,B
Lascuráin,_,_,PROPN,I
Lascuráin,_,_,PROPN,B
doce,_,_,NUM,O
doce,_,_,NUM,I
candidatas,_,_,NOUN,O
anunciaron,_,_,VERB,O
días,_,_,NOUN,O
estaban,_,_,AUX,O
estaban,_,_,VERB,O
relacionadas,_,_,ADJ,O
sorpaso,_,_,NOUN,O
abstenciocracia,_,_,NOUN,O
posverdad,_,_,NOUN,O
ganadora,_,_,NOUN,O
Finalmente,_,_,ADV,O
decidido,_,_,VERB,O
lleva,_,_,VERB,O
algún,_,_,DET,O
algún,_,_,DET,I
tiempo,_,_,NOUN,O
centro,_,_,NOUN,O
centro,_,_,NOUN,I
viviendo,_,_,VERB,O
proceso,_,_,NOUN,O
ampliación,_,_,NOUN,O
cambio,_,_,NOUN,O
significado,_,_,NOUN,O
cargándose,_,_,NOUN,O
negativas,_,_,ADJ,O
evolución,_,_,NOUN,I
evolución,_,_,NOUN,O
posiblemente,_,_,ADV,O
acelerado,_,_,VERB,O
uso,_,_,NOUN,O
neutro,_,_,ADJ,O
populista,_,_,ADJ,O
tuvieron,_,_,VERB,O
significados,_,_,ADJ,O
significados,_,_,NOUN,O
próximos,_,_,ADJ,O
A,_,_,ADP,O
A,_,_,ADP,B
largo,_,_,NOUN,O
largo,_,_,ADJ,O
meses,_,_,NOUN,O
recibido,_,_,VERB,O
consultas,_,_,NOUN,O
real,_,_,ADJ,O
evidente,_,_,ADJ,O
medios,_,_,NOUN,O
va,_,_,VERB,O
va,_,_,AUX,I
va,_,_,AUX,O
defensa,_,_,NOUN,O
intereses,_,_,NOUN,O
populares,_,_,ADJ,O
mencionan,_,_,VERB,O
distintos,_,_,DET,O
matices,_,_,NOUN,O
diccionarios,_,_,NOUN,O
Ese,_,_,PRON,O
sentidos,_,_,NOUN,O
aunque,_,_,SCONJ,O
seguramente,_,_,ADV,O
use,_,_,VERB,O
prefieren,_,_,VERB,O
definirlo,_,_,VERB,O
tendencia,_,_,NOUN,O
pretende,_,_,VERB,O
devolver,_,_,VERB,O
masas,_,_,NOUN,O
élites,_,_,NOUN,O
obstante,_,_,NOUN,O
comunicación,_,_,NOUN,O
comunicación,_,_,NOUN,I
estar,_,_,AUX,O
imponiéndose,_,_,VERB,O
visión,_,_,NOUN,O
negativa,_,_,ADJ,O
aplicarse,_,_,ADJ,O
políticos,_,_,NOUN,O
ideologías,_,_,NOUN,O
común,_,_,NOUN,O
común,_,_,ADJ,I
común,_,_,ADJ,O
apelación,_,_,NOUN,O
emotiva,_,_,ADJ,O
ciudadano,_,_,NOUN,O
oferta,_,_,NOUN,O
soluciones,_,_,NOUN,O
simples,_,_,ADJ,O
problemas,_,_,NOUN,O
complejos,_,_,ADJ,O
lingüistas,_,_,NOUN,O
denominan,_,_,VERB,O
relexicalización,_,_,NOUN,O
ocurriendo,_,_,VERB,O
ante,_,_,ADP,O
ojos,_,_,NOUN,O
propiciado,_,_,VERB,O
elección,_,_,NOUN,O
decisión,_,_,NOUN,I
decisión,_,_,NOUN,O
final,_,_,ADJ,I
final,_,_,NOUN,O
publicó,_,_,VERB,I
lista,_,_,NOUN,I
lista,_,_,NOUN,O
finalistas,_,_,ADJ,I
figuraban,_,_,VERB,O
youtubero,true,Insertion,ADJ,O
adaptación,_,_,NOUN,O
youtuber,false,Insertion,PROPN,O
ningufonear,_,_,VERB,O
phubbing,false,Insertion,PROPN,O
usa,_,_,VERB,O
definir,_,_,VERB,O
actitud,_,_,NOUN,O
presta,_,_,VERB,O
atención,_,_,NOUN,O
dispositivo,_,_,NOUN,O
móvil,_,_,ADJ,O
desatiende,_,_,VERB,O
delante,_,_,ADV,O
Otras,_,_,PRON,B
presentes,_,_,ADJ,I
ampliando,_,_,VERB,O
hablantes,_,_,NOUN,O
bizarro,_,_,NOUN,O
cuñadismo,_,_,NOUN,O
vendehúmos,_,_,VERB,O
Completaban,_,_,VERB,B
LGTBfobia,false,Insertion,PROPN,B
papilomavirus,_,_,NOUN,O
videoarbitraje,_,_,NOUN,O
ARTICLE0024,_,_,ADV,B
Selfie,_,_,PROPN,B
también,_,_,ADV,O
también,_,_,ADV,I
también,_,_,NOUN,O
español,_,_,NOUN,O
español,_,_,NOUN,I
Hay,_,_,AUX,O
Hay,_,_,AUX,B
traducciones,_,_,NOUN,O
destinadas,_,_,ADJ,O
fracaso,_,_,NOUN,O
posibilidad,_,_,NOUN,O
autofo,_,_,NOUN,O
to,_,_,PROPN,O
to,_,_,PROPN,I
to,false[31],Named Entity[31],PROPN,O
to,false[31],Named Entity[31],PROPN,I
incluso,_,_,ADV,O
autorretrato,_,_,NOUN,O
reemplazar,_,_,VERB,O
selfie,_,_,PROPN,O
selfie,false,Insertion,PROPN,O
ésta,_,_,PRON,O
ganado,_,_,VERB,O
pulseada,_,_,NOUN,O
dudas,_,_,NOUN,I
dudas,_,_,NOUN,O
aclaración,_,_,NOUN,O
decir,_,_,NOUN,O
decir,_,_,VERB,O
decir,_,_,AUX,O
autofoto,_,_,NOUN,O
tomada,_,_,ADJ,O
smartphone,_,_,NOUN,O
teléfono,_,_,NOUN,O
celular,_,_,ADJ,O
Oxford,_,_,PROPN,B
culpa,_,_,NOUN,O
culpa,_,_,NOUN,I
salvo,_,_,ADP,O
admitámoslo,_,_,PROPN,O
toma,_,_,VERB,O
toma,_,_,NOUN,O
propias,_,_,ADJ,O
decisiones,_,_,NOUN,O
Algo,_,_,PRON,B
ocurre,_,_,VERB,I
pareja,_,_,NOUN,O
vigente,_,_,ADJ,O
link,false,Insertion,PROPN,O
enlace,_,_,NOUN,O
preferencias,_,_,NOUN,O
reconocen,_,_,VERB,O
escritura,_,_,NOUN,O
recomendaciones,_,_,NOUN,O
extranjerismos,_,_,NOUN,O
correspondientes,_,_,ADJ,O
reemplazos,_,_,NOUN,O
suponían,_,_,VERB,O
perfectamente,_,_,ADV,O
aceptados,_,_,ADJ,O
J,_,_,CONJ,O
uego,_,_,PROPN,O
limpio,_,_,ADJ,O
deportividad,_,_,NOUN,O
alternativas,_,_,NOUN,O
expresión,_,_,NOUN,O
fair,false[4],Insertion[4],PROPN,O
fair,false[4],Insertion[4],NOUN,O
fair,_,_,PROPN,O
fair,_,_,NOUN,O
play,false[4],Insertion[4],PROPN,O
play,false[4],Insertion[4],NOUN,O
play,_,_,PROPN,O
play,_,_,NOUN,O
deporte,_,_,NOUN,O
Daba,_,_,VERB,B
razones,_,_,NOUN,I
Diccionario,_,_,PROPN,B
panhispánico,_,_,ADJ,O
indica,_,_,VERB,O
indica,_,_,VERB,I
juego,_,_,NOUN,O
definida,_,_,ADJ,O
«,_,_,PUNCT,B
«,_,_,AUX,B
conducta,_,_,NOUN,O
honrada,_,_,ADJ,O
competición,_,_,NOUN,O
»,_,_,PROPN,B
innecesario,_,_,ADJ,O
asimismo,_,_,ADV,O
hablarse,_,_,NOUN,O
referirse,_,_,PROPN,O
cortés,_,_,PROPN,O
correcta,_,_,ADJ,O
elegante,_,_,ADJ,O
muestran,_,_,VERB,O
sólo,_,_,ADV,O
sólo,_,_,ADV,I
deportistas,_,_,NOUN,O
ámbitos,_,_,NOUN,O
situaciones,_,_,NOUN,O
refirió,_,_,VERB,O
boomerang,_,_,PROPN,O
pocos,_,_,PRON,O
pocos,_,_,DET,O
recordar,_,_,VERB,O
recordar,_,_,AUX,O
búmeran,_,_,ADJ,O
búmeran,_,_,VERB,O
búmeran,false,Insertion,ADJ,O
búmeran,false,Insertion,VERB,O
bumerán,_,_,PROPN,O
*,_,_,SYM,O
bumerang,_,_,PROPN,O
adaptaciones,_,_,NOUN,O
recomendadas,_,_,ADJ,O
voz,_,_,NOUN,O
DPD,_,_,PROPN,B
Obviamente,_,_,ADV,B
haya,_,_,AUX,O
acentuaciones,_,_,NOUN,O
válidas,_,_,ADJ,O
países,_,_,NOUN,O
Ecuador,_,_,PROPN,B
México,_,_,PROPN,B
México,_,_,PROPN,I
pronuncia,_,_,VERB,O
zonas,_,_,NOUN,O
predomina,_,_,PROPN,O
pronunciación,_,_,NOUN,O
aguda,_,_,ADJ,O
vale,_,_,VERB,I
pena,_,_,NOUN,I
plural,_,_,NOUN,O
esdrújula,_,_,ADJ,O
invariable,_,_,ADJ,O
regular,_,_,VERB,O
bumeranes,false,Insertion,NOUN,O
nocaut,_,_,NOUN,O
knockout,false,Insertion,PROPN,O
offshore,false,Insertion,PROPN,O
definitivamente,_,_,ADV,O
informaciones,_,_,NOUN,O
financieras,_,_,ADJ,O
ventajas,_,_,NOUN,O
fiscales,_,_,ADJ,O
inscrita,_,_,ADJ,O
paraíso,_,_,NOUN,O
fiscal,_,_,ADJ,O
contexto,_,_,NOUN,O
extranjero,_,_,NOUN,O
Dicciona,_,_,PROPN,B
r,_,_,CONJ,I
io,_,_,VERB,O
económicos,_,_,ADJ,O
comerciales,_,_,ADJ,O
Alcaraz,_,_,PROPN,I
Varó,_,_,PROPN,I
Brian,_,_,PROPN,B
Hughes,_,_,PROPN,I
ocurrirá,_,_,VERB,I
inversa,_,_,NOUN,O
tenga,_,_,VERB,O
6,_,_,NUM,O
6,_,_,NUM,I
8,_,_,NUM,O
junio,_,_,NOUN,O
Primer,_,_,PROPN,B
Congreso,_,_,PROPN,I
Academia,_,_,PROPN,I
Norteamericana,_,_,PROPN,I
Lengua,_,_,PROPN,I
Española,_,_,PROPN,I
cuyo,_,_,PRON,O
lema,_,_,NOUN,O
hispana,_,_,ADJ,O
unidad,_,_,NOUN,O
diversidad,_,_,NOUN,O
esperar,_,_,VERB,O
académicos,_,_,NOUN,O
reunidos,_,_,ADJ,O
relevamiento,_,_,NOUN,O
españolas,_,_,ADJ,O
incorporadas,_,_,ADJ,O
recientemente,_,_,ADV,O
estadounidense,_,_,ADJ,O
vaya,_,_,VERB,I
vaya,_,_,VERB,O
amigo,_,_,NOUN,O
característico,_,_,ADJ,O
Arnold,_,_,PROPN,B
Schwarzenegger,_,_,PROPN,I
ARTICLE0041,_,_,PROPN,B
Perros,_,_,PROPN,B
Perros,_,_,PROPN,I
oficina,_,_,NOUN,O
oficina,_,_,NOUN,I
mascotas,_,_,NOUN,O
ladran,_,_,VERB,O
mundo,_,_,NOUN,O
mundo,_,_,NOUN,I
laboral,_,_,ADJ,O
labradora,_,_,NOUN,I
Tiikka,_,_,PROPN,I
Tiikka,_,_,PROPN,B
Findasense,_,_,PROPN,B
Findasense,_,_,PROPN,I
Buenos,_,_,PROPN,B
Aires,_,_,PROPN,I
suma,_,_,VERB,O
instalada,_,_,ADJ,O
ciudades,_,_,NOUN,O
tanto,_,_,ADV,O
tanto,_,_,NOUN,O
tanto,_,_,DET,O
jefes,_,_,NOUN,O
empleados,_,_,NOUN,O
bienvenidos,_,_,VERB,O
tachos,_,_,NOUN,O
basura,_,_,NOUN,O
afán,_,_,NOUN,I
ecologista,_,_,ADJ,O
fundadores,_,_,NOUN,O
consultora,_,_,NOUN,O
revisaran,_,_,VERB,O
respecto,_,_,NOUN,O
residuos,_,_,NOUN,O
generados,_,_,ADJ,O
glotona,_,_,ADJ,O
labradores,_,_,NOUN,O
Tuvimos,_,_,VERB,B
quitar,_,_,VERB,O
iba,_,_,AUX,O
buscando,_,_,VERB,O
cosa,_,_,NOUN,O
cosa,_,_,NOUN,I
comer,_,_,VERB,O
papá,_,_,NOUN,O
jefe,_,_,NOUN,O
Tomás,_,_,PROPN,B
Tomás,_,_,ADV,B
Lorsch,_,_,PROPN,I
Solucionado,_,_,ADJ,B
tema,_,_,NOUN,I
tema,_,_,NOUN,O
desempeña,_,_,VERB,O
recepcionista,_,_,NOUN,O
negocios,_,_,NOUN,O
digitales,_,_,ADJ,O
ama,_,_,VERB,O
saludar,_,_,VERB,O
entran,_,_,VERB,O
escapa,_,_,VERB,O
peores,_,_,ADJ,O
delitos,_,_,NOUN,O
laborales,_,_,ADJ,O
come,_,_,VERB,O
almuerzo,_,_,NOUN,O
compañero,_,_,NOUN,O
huele,_,_,PROPN,O
comida,_,_,NOUN,O
Tikka,_,_,PROPN,B
discrimina,_,_,VERB,I
habrá,_,_,AUX,I
comido,_,_,VERB,I
varios,_,_,DET,I
varios,_,_,DET,O
sándwichs,true,Insertion,NOUN,I
alguna,_,_,PRON,O
alguna,_,_,DET,O
milanesa,_,_,NOUN,O
acusa,_,_,VERB,O
divertido,_,_,ADJ,O
aislado,_,_,ADJ,O
sumó,_,_,VERB,O
presente,_,_,ADJ,O
capitales,_,_,NOUN,O
incorpora,_,_,VERB,O
algunas,_,_,DET,O
perros,_,_,NOUN,O
perros,_,_,NOUN,I
compañías,_,_,NOUN,O
optan,_,_,VERB,O
adoptar,_,_,VERB,O
institucional,_,_,ADJ,O
incursión,_,_,NOUN,O
sintetizado,_,_,ADJ,O
pet,false[5],Insertion[5],PROPN,O
pet,false[5],Insertion[5],NOUN,O
pet,false[6],Insertion[6],PROPN,O
pet,false[6],Insertion[6],NOUN,O
pet,false[7],Insertion[7],PROPN,O
pet,false[7],Insertion[7],NOUN,O
friendly,false[5],Insertion[5],PROPN,O
friendly,false[5],Insertion[5],ADJ,O
friendly,false[6],Insertion[6],PROPN,O
friendly,false[6],Insertion[6],ADJ,O
friendly,false[7],Insertion[7],PROPN,O
friendly,false[7],Insertion[7],ADJ,O
amigable,_,_,ADJ,O
Reglas,_,_,NOUN,B
convivencia,_,_,NOUN,I
convivencia,_,_,NOUN,O
Como,_,_,SCONJ,O
Como,_,_,SCONJ,B
desarrollo,_,_,NOUN,O
reglas,_,_,NOUN,O
definidas,_,_,ADJ,O
modus,_,_,NOUN,O
operandi,_,_,VERB,O
previamente,_,_,ADV,O
establecido,_,_,ADJ,O
factor,_,_,NOUN,I
estas,_,_,DET,O
iniciativas,_,_,NOUN,O
improvisación,_,_,NOUN,O
sano,_,_,ADJ,O
necesitás,_,_,VERB,O
necesitás,_,_,PROPN,O
traer,_,_,VERB,O
traer,_,_,VERB,I
podés,_,_,PROPN,O
Cada,_,_,DET,B
Cada,_,_,DET,O
Cada,_,_,DET,I
necesidades,_,_,NOUN,I
necesidades,_,_,NOUN,O
ordena,_,_,VERB,I
naturalmente,_,_,ADV,I
Aplicamos,_,_,VERB,B
parámetro,_,_,NOUN,O
involucrada,_,_,ADJ,O
incidente,_,_,NOUN,O
violento,_,_,ADJ,O
despedida,_,_,NOUN,O
pasaría,_,_,VERB,O
pasó,_,_,VERB,O
Sebastián,_,_,PROPN,B
García,_,_,PROPN,I
Padín,_,_,PROPN,I
Country,_,_,PROPN,B
Manager,_,_,PROPN,I
Isidro,_,_,PROPN,B
agencia,_,_,NOUN,I
agencia,_,_,NOUN,O
Don,_,_,PROPN,I
funcionamiento,_,_,NOUN,O
viendo,_,_,VERB,I
charlando,_,_,VERB,I
momento,_,_,NOUN,I
momento,_,_,NOUN,O
Mariano,_,_,PROPN,B
Ricciarelli,_,_,PROPN,I
Ricciarelli,_,_,PROPN,B
Tenemos,_,_,VERB,O
idea,_,_,NOUN,O
idea,_,_,NOUN,I
comunidad,_,_,NOUN,O
comunidad,_,_,NOUN,I
conjunto,_,_,NOUN,O
puedan,_,_,AUX,O
sentirse,_,_,NOUN,O
cómodos,_,_,ADJ,O
cómodos,_,_,ADJ,I
estuvieran,_,_,VERB,O
Parte,_,_,NOUN,B
particular,_,_,NOUN,O
particular,_,_,ADJ,O
Havas,_,_,NOUN,B
Havas,_,_,PROPN,B
opera,_,_,VERB,O
100,_,_,NUM,O
adoptó,_,_,VERB,O
Sofía,_,_,PROPN,B
Polo,_,_,PROPN,I
Polo,_,_,PROPN,B
licenciada,_,_,NOUN,O
publicidad,_,_,NOUN,O
encargadas,_,_,NOUN,O
pasearlo,_,_,NOUN,O
lunes,_,_,NOUN,O
viernes,_,_,NOUN,O
viernes,_,_,NOUN,I
Explica,_,_,VERB,B
hicieron,_,_,VERB,O
encuesta,_,_,NOUN,O
resultado,_,_,NOUN,I
resultado,_,_,NOUN,O
favorable,_,_,ADJ,O
comunicaron,_,_,VERB,O
programa,_,_,NOUN,O
adopciones,_,_,NOUN,O
Pedigree,_,_,PROPN,B
conocieron,_,_,VERB,O
Tenía,_,_,VERB,B
llegó,_,_,VERB,O
llegó,_,_,VERB,I
dormía,_,_,VERB,O
noches,_,_,NOUN,O
gustaba,_,_,VERB,O
quedarse,_,_,ADV,O
Entonces,_,_,ADV,B
Entonces,_,_,ADV,O
compañeras,_,_,NOUN,I
decidieron,_,_,VERB,O
turnarse,_,_,NOUN,O
alojarlo,_,_,VERB,O
casas,_,_,NOUN,O
llevarlo,_,_,VERB,O
lindo,_,_,ADJ,O
tenerlo,_,_,VERB,O
acá,_,_,PROPN,O
acá,_,_,PROPN,I
Te,_,_,PRON,O
Te,_,_,PRON,B
distraés,_,_,VERB,O
poco,_,_,PRON,O
poco,_,_,ADV,O
salís,_,_,ADJ,O
monotonía,_,_,NOUN,O
rutina,_,_,NOUN,O
divino,_,_,ADJ,O
llevo,_,_,VERB,O
pasear,_,_,VERB,O
cruza,_,_,VERB,O
relata,_,_,VERB,O
otros,_,_,PRON,O
otros,_,_,DET,O
otros,_,_,DET,I
Ringo,_,_,PROPN,B
obsesionado,_,_,ADJ,O
cabos,_,_,NOUN,O
sueltos,_,_,ADJ,O
tardó,_,_,VERB,O
dejar,_,_,VERB,O
Adyouwish,_,_,PROPN,B
Después,_,_,ADV,B
directivos,_,_,NOUN,O
levantar,_,_,VERB,O
atar,_,_,VERB,O
cables,_,_,NOUN,O
Ahora,_,_,ADV,B
porta,_,_,VERB,I
edificio,_,_,NOUN,O
edificio,_,_,NOUN,I
oficinas,_,_,NOUN,O
entrada,_,_,NOUN,O
ascensor,_,_,NOUN,O
sorprenden,_,_,VERB,O
adora,_,_,VERB,I
clientes,_,_,NOUN,I
clientes,_,_,NOUN,O
perreros,_,_,NOUN,I
juegan,_,_,VERB,I
feliz,_,_,ADJ,O
Matías,_,_,PROPN,B
Vázquez,_,_,PROPN,I
consultados,_,_,ADJ,O
casi,_,_,ADV,O
quejas,_,_,NOUN,O
compañeros,_,_,NOUN,O
referencia,_,_,NOUN,O
excepciones,_,_,NOUN,O
chico,_,_,NOUN,O
trabajaba,_,_,VERB,O
odiaban,_,_,VERB,I
mutuamente,_,_,ADV,I
siempre,_,_,ADV,O
hacía,_,_,VERB,O
lado,_,_,NOUN,O
escritorio,_,_,NOUN,O
marcando,_,_,VERB,O
territorio,_,_,NOUN,O
volvió,_,_,AUX,O
volvió,_,_,VERB,O
Wicky,_,_,PROPN,B
Wicky,_,_,PROPN,I
Wicky,_,_,PROPN,O
15,_,_,NUM,O
quedó,_,_,VERB,O
quedó,_,_,VERB,I
ciega,_,_,PROPN,O
Cloc,_,_,PROPN,B
cloc,_,_,PROPN,O
cloc,_,_,VERB,O
sonido,_,_,NOUN,I
piso,_,_,NOUN,O
piso,_,_,NOUN,I
madera,_,_,NOUN,O
resuena,_,_,ADJ,O
Jengibre,_,_,PROPN,B
Su,_,_,DET,B
computadoras,_,_,NOUN,O
recuerda,_,_,VERB,O
número,_,_,NOUN,O
tap,false,Insertion,NOUN,O
Nació,_,_,VERB,B
elemento,_,_,NOUN,O
percusión,_,_,NOUN,O
incluido,_,_,ADJ,O
uñas,_,_,NOUN,O
Hace,_,_,AUX,O
Hace,_,_,AUX,B
perdió,_,_,VERB,O
deambular,_,_,NOUN,O
frecuente,_,_,ADJ,O
ternura,_,_,NOUN,O
conectan,_,_,VERB,O
enseguida,_,_,ADV,O
tranquilo,_,_,ADJ,O
interacción,_,_,NOUN,O
sostiene,_,_,VERB,O
Romina,_,_,PROPN,B
Romina,_,_,PROPN,I
Iannaci,_,_,PROPN,I
mamá,_,_,NOUN,O
creativa,_,_,ADJ,O
branding,false,Insertion,PROPN,O
esto,_,_,PRON,O
perfil,_,_,NOUN,O
pareció,_,_,VERB,O
nuestra,_,_,DET,O
especialidad,_,_,NOUN,O
locales,_,_,ADJ,O
locales,_,_,ADJ,I
gastronomía,_,_,NOUN,O
cálido,_,_,ADJ,O
te,_,_,PRON,O
sientas,_,_,VERB,O
apunta,_,_,VERB,O
cree,_,_,VERB,O
cuestión,_,_,NOUN,O
generacional,_,_,ADJ,O
balance,_,_,NOUN,O
/,_,_,PUNCT,O
work-life,_,_,PROPN,O
integration,_,_,PROPN,O
integración,_,_,NOUN,O
empleado,_,_,ADJ,O
íntegra,_,_,ADJ,O
ponerse,_,_,ADJ,O
careta,_,_,NOUN,O
llega,_,_,VERB,O
quitársela,_,_,VERB,O
Traer,_,_,VERB,B
perro,_,_,NOUN,I
perro,_,_,NOUN,O
perro,_,_,PROPN,O
circunstancias,_,_,NOUN,O
Tenerlo,_,_,VERB,B
ahí,_,_,ADV,O
tuyo,_,_,ADJ,O
constantemente,_,_,ADV,O
vos,_,_,NOUN,O
conecta,_,_,VERB,O
emociones,_,_,NOUN,O
stress,false,Insertion,NOUN,O
Efectos,_,_,NOUN,B
caninos,_,_,ADJ,I
Bocalán,_,_,PROPN,I
Bocalán,_,_,PROPN,B
entidades,_,_,NOUN,O
dedicadas,_,_,ADJ,O
entrenamiento,_,_,NOUN,O
asistencia,_,_,NOUN,O
terapia,_,_,NOUN,O
asistida,_,_,ADJ,O
importantes,_,_,ADJ,O
nivel,_,_,NOUN,O
internacional,_,_,ADJ,O
Margarita,_,_,PROPN,B
Ziade,_,_,PROPN,I
filial,_,_,NOUN,O
argentina,_,_,ADJ,O
5,_,_,NUM,O
olvidar,_,_,VERB,O
presentación,_,_,NOUN,O
formal,_,_,ADJ,O
ayudar,_,_,VERB,O
CEO,_,_,PROPN,O
sacarle,_,_,PROPN,O
trabaja,_,_,VERB,O
trabaja,_,_,VERB,I
mandársela,_,_,NOUN,O
Inglaterra,_,_,PROPN,B
Salimos,_,_,VERB,O
comercial,_,_,ADJ,O
comercial,_,_,ADJ,I
empezamos,_,_,AUX,O
vínculo,_,_,NOUN,O
Eso,_,_,PRON,B
Eso,_,_,PRON,O
hubiese,_,_,AUX,O
sucedido,_,_,VERB,O
estaba,_,_,AUX,O
estaba,_,_,VERB,O
adeptos,_,_,NOUN,O
animales,_,_,NOUN,O
animales,_,_,NOUN,I
entorno,_,_,NOUN,O
descontracturan,_,_,VERB,O
relajan,_,_,VERB,O
motivan,_,_,VERB,O
placer,_,_,NOUN,O
pausa,_,_,NOUN,O
sale,_,_,VERB,O
comparte,_,_,VERB,O
conoce,_,_,VERB,O
Alicia,_,_,PROPN,B
Asociación,_,_,PROPN,B
Terapia,_,_,PROPN,B
Asistida,_,_,PROPN,I
Tacop,_,_,PROPN,B
especialista,_,_,NOUN,O
contacto,_,_,NOUN,O
animal,_,_,NOUN,O
animal,_,_,ADJ,O
beneficios,_,_,NOUN,O
emocionales,_,_,ADJ,O
físicos,_,_,ADJ,O
Sólo,_,_,ADV,B
acariciarlo,_,_,VERB,O
baja,_,_,VERB,O
presión,_,_,NOUN,O
sanguínea,_,_,ADJ,O
ayuda,_,_,VERB,O
ayuda,_,_,NOUN,O
disminuir,_,_,VERB,O
relaja,_,_,VERB,O
trabajar,_,_,VERB,O
beneficiosos,_,_,ADJ,O
aclara,_,_,VERB,O
elemental,_,_,ADJ,O
seleccionados,_,_,ADJ,O
adiestrados,_,_,ADJ,O
regulados,_,_,ADJ,O
lazarillos,_,_,ADJ,O
ley,_,_,NOUN,I
ley,_,_,NOUN,O
26858,_,_,NOUN,I
acceso,_,_,NOUN,I
acceso,_,_,NOUN,O
deambulación,_,_,NOUN,O
permanencia,_,_,NOUN,O
discapacidad,_,_,NOUN,O
acompañados,_,_,ADJ,O
guía,_,_,PROPN,O
guía,_,_,NOUN,I
guía,_,_,VERB,O
sancionada,_,_,ADJ,O
regulada,_,_,VERB,O
Tampoco,_,_,ADV,B
Tampoco,_,_,ADV,O
registro,_,_,NOUN,I
registro,_,_,NOUN,O
afirma,_,_,VERB,O
tipos,_,_,NOUN,O
actividades,_,_,NOUN,O
actividades,_,_,NOUN,I
ideadas,_,_,ADJ,O
específicamente,_,_,ADV,O
empresarial,_,_,ADJ,O
Pasean,_,_,VERB,B
interactúen,_,_,VERB,O
libremente,_,_,ADV,O
trabajan,_,_,VERB,O
encuentros,_,_,NOUN,O
informativos,_,_,ADJ,O
ejercicios,_,_,NOUN,O
valores,_,_,NOUN,O
empresariales,_,_,ADJ,O
puntuales,_,_,ADJ,O
visitó,_,_,VERB,I
Bayer,_,_,PROPN,B
Bayer,_,_,PROPN,I
división,_,_,NOUN,O
sanidad,_,_,PROPN,O
apoya,_,_,VERB,O
calificarse,_,_,NOUN,O
primera,_,_,ADJ,O
12,_,_,NUM,O
concurrieron,_,_,VERB,O
instalaciones,_,_,NOUN,O
evolucionando,_,_,VERB,O
Queremos,_,_,VERB,B
analizar,_,_,VERB,I
incorporar,_,_,VERB,O
actividad,_,_,NOUN,O
firme,_,_,ADJ,O
conocen,_,_,VERB,O
pretender,_,_,AUX,O
convivan,_,_,VERB,O
ambiente,_,_,NOUN,O
Medellin,_,_,PROPN,B
Vanesa,_,_,PROPN,I
Helfenstein,_,_,PROPN,I
Krauss,_,_,PROPN,I
encargada,_,_,ADJ,O
encargada,_,_,NOUN,O
Salud,_,_,PROPN,B
Animal,_,_,PROPN,I
Latinoamérica,_,_,PROPN,I
firma,_,_,NOUN,I
firma,_,_,NOUN,O
ubicado,_,_,ADJ,I
Munro,_,_,PROPN,I
400,_,_,NUM,O
1000,_,_,NOUN,O
Somos,_,_,AUX,O
unieron,_,_,VERB,O
generó,_,_,VERB,I
buen,_,_,ADJ,O
clima,_,_,NOUN,O
mayor,_,_,ADJ,O
mayor,_,_,ADJ,I
pertenencia,_,_,NOUN,O
visitas,_,_,NOUN,O
Bacalán,_,_,PROPN,B
comunicó,_,_,VERB,O
áreas,_,_,NOUN,O
sumarse,_,_,NOUN,O
hacemos,_,_,VERB,O
enamorada,_,_,NOUN,O
ARTICLE0057,_,_,PROPN,B
sushi,_,_,PROPN,I
sushi,_,_,PROPN,B
sushi,_,_,PROPN,O
Carolina,_,_,PROPN,B
Aguirre,_,_,PROPN,I
doy,_,_,VERB,O
vuelta,_,_,NOUN,O
comentarios,_,_,NOUN,O
reseñas,_,_,NOUN,O
restaurantes,_,_,NOUN,O
notas,_,_,NOUN,O
notas,_,_,NOUN,I
tendencias,_,_,NOUN,O
gastronómicas,_,_,ADJ,O
asombra,_,_,VERB,O
odio,_,_,NOUN,O
despiertan,_,_,VERB,O
modas,_,_,NOUN,O
lectores,_,_,NOUN,O
nota,_,_,NOUN,I
nota,_,_,NOUN,O
fusión,_,_,PROPN,I
bagels,false,Insertion,PROPN,B
cocina,_,_,NOUN,O
nikkei,_,_,PROPN,O
diez,_,_,NUM,O
veinte,_,_,NUM,O
foristas,_,_,NOUN,O
indignados,_,_,ADJ,O
reclaman,_,_,VERB,O
terminar,_,_,VERB,O
estupidez,_,_,NOUN,O
inmediatamente,_,_,ADV,O
molestarles,_,_,ADJ,O
precio,_,_,NOUN,O
inclusión,_,_,NOUN,O
ingredientes,_,_,NOUN,O
menú,_,_,NOUN,I
menú,_,_,NOUN,O
concentra,_,_,VERB,O
reclamos,_,_,NOUN,O
temor,_,_,NOUN,O
nuevos,_,_,ADJ,O
productos,_,_,NOUN,O
amenacen,_,_,VERB,O
cultura,_,_,NOUN,O
tradiciones,_,_,NOUN,O
apreciación,_,_,NOUN,I
instale,_,_,VERB,I
tambalear,_,_,VERB,O
mesa,_,_,NOUN,O
domingo,_,_,NOUN,O
Déjense,_,_,VERB,B
joder,_,_,VERB,I
boludez,_,_,NOUN,O
nada,_,_,PRON,O
cobran,_,_,VERB,O
arroz,_,_,NOUN,O
pescado,_,_,ADJ,O
crudo,_,_,ADJ,O
oro,_,_,NOUN,O
focas,_,_,NOUN,O
horrible,_,_,ADJ,O
Palermo,_,_,PROPN,I
Palermo,_,_,PROPN,B
enrollaran,_,_,VERB,O
bosta,_,_,NOUN,O
caballo,_,_,NOUN,O
dirían,_,_,VERB,O
exquisita,_,_,VERB,O
reproducen,_,_,VERB,O
sucede,_,_,VERB,I
cupcakes,false,Insertion,PROPN,I
cinco,_,_,NUM,O
detractores,_,_,NOUN,O
exigiendo,_,_,AUX,O
digan,_,_,VERB,O
tortitas,_,_,NOUN,O
decoradas,_,_,ADJ,O
madalenas,_,_,NOUN,O
especialidades,_,_,NOUN,O
enojan,_,_,VERB,O
muchísimo,_,_,ADV,O
pasa,_,_,VERB,I
spaghetti,_,_,PROPN,O
fusilli,_,_,PROPN,O
lasagna,_,_,PROPN,O
reclama,_,_,VERB,O
diga,_,_,VERB,O
fideo,_,_,PROPN,O
finito,_,_,PROPN,O
pasta,_,_,NOUN,O
enroscada,_,_,ADJ,O
encono,_,_,NOUN,O
galicismos,_,_,NOUN,O
pedido,_,_,VERB,O
pedido,_,_,NOUN,O
renombrar,_,_,VERB,O
salsa,_,_,PROPN,O
Velouté,_,_,PROPN,B
fideos,_,_,NOUN,O
Parisienne,_,_,PROPN,I
cuidar,_,_,VERB,O
nuestras,_,_,DET,O
costumbres,_,_,NOUN,O
amenazas,_,_,NOUN,O
llegaron,_,_,VERB,O
porteña,_,_,ADJ,O
comensal,_,_,NOUN,O
acostumbró,_,_,VERB,O
verlos,_,_,NOUN,O
altura,_,_,NOUN,O
sabemos,_,_,VERB,O
mousse,_,_,NOUN,O
matar,_,_,VERB,O
erradicar,_,_,VERB,O
flan,_,_,NOUN,O
dulce,_,_,VERB,O
leche,_,_,NOUN,O
conservadores,_,_,ADJ,O
incorporación,_,_,NOUN,O
frutas,_,_,NOUN,O
verduras,_,_,NOUN,O
habituales,_,_,ADJ,O
mercado,_,_,NOUN,O
local,_,_,ADJ,O
trompadas,_,_,NOUN,I
reciben,_,_,VERB,I
reciben,_,_,VERB,O
rúcula,_,_,NOUN,I
silvestre,_,_,PROPN,I
maracuyá,_,_,NOUN,O
incipientes,_,_,ADJ,O
lychees,_,_,ADJ,O
lechuga,_,_,NOUN,O
criolla,_,_,VERB,O
violentas,_,_,ADJ,O
abundantes,_,_,ADJ,O
Rúcula,_,_,PROPN,I
selvática,_,_,ADJ,O
trae,_,_,VERB,I
Tarzán,_,_,PROPN,I
rey,_,_,NOUN,I
león,_,_,PROPN,I
llenos,_,_,ADJ,O
snobismo,false,Insertion,NOUN,O
tipea,_,_,VERB,O
furioso,_,_,ADJ,O
lector,_,_,NOUN,O
harto,_,_,ADJ,O
innovaciones,_,_,NOUN,O
indignación,_,_,NOUN,O
llegada,_,_,NOUN,O
llegada,_,_,ADJ,O
frapuccinos,false,Insertion,NOUN,O
competir,_,_,VERB,O
café,_,_,NOUN,O
barrio,_,_,NOUN,O
donuts,false,Insertion,ADJ,O
rollos,_,_,NOUN,O
canela,_,_,NOUN,O
muffins,false,Insertion,PROPN,O
apariencia,_,_,NOUN,O
llegado,_,_,VERB,O
asesinar,_,_,VERB,O
facturas,_,_,NOUN,O
libritos,_,_,NOUN,O
grasa,_,_,NOUN,O
scones,false,Insertion,NOUN,I
medialunas,_,_,NOUN,O
ristretto,_,_,PROPN,O
pica,_,_,NOUN,I
resentimiento,_,_,NOUN,I
porteño,_,_,ADJ,O
incomoda,_,_,VERB,O
lejos,_,_,ADV,O
paladar,_,_,NOUN,O
leer,_,_,VERB,O
Nos,_,_,PRON,B
quejamos,_,_,VERB,I
nuevas,_,_,ADJ,I
nuevas,_,_,ADJ,O
pizzas,_,_,NOUN,I
queso,_,_,PROPN,O
brie,_,_,PROPN,O
tiraditos,_,_,NOUN,O
lenguado,_,_,NOUN,O
macarons,_,_,PROPN,O
entender,_,_,AUX,O
entender,_,_,VERB,O
comidas,_,_,NOUN,O
milanesas,_,_,NOUN,I
mueren,_,_,VERB,I
carne,_,_,NOUN,O
salmón,_,_,NOUN,O
gustan,_,_,VERB,O
Ninguna,_,_,DET,B
querría,_,_,VERB,I
seguir,_,_,AUX,O
seguir,_,_,VERB,O
escuchando,_,_,VERB,O
disco,_,_,NOUN,O
escuchaba,_,_,VERB,O
quince,_,_,NUM,O
vestirse,_,_,PROPN,O
ropa,_,_,NOUN,O
ropa,_,_,NOUN,I
usaba,_,_,VERB,O
1910,_,_,NOUN,O
desgracia,_,_,NOUN,O
tenido,_,_,VERB,O
verdad,_,_,NOUN,O
mucha,_,_,DET,I
quieran,_,_,VERB,O
ravioles,_,_,ADJ,O
variar,_,_,VERB,O
trago,_,_,NOUN,O
novedoso,_,_,ADJ,O
probar,_,_,VERB,O
raras,_,_,ADJ,O
vienen,_,_,VERB,B
Oriente,_,_,PROPN,I
asesinos,_,_,NOUN,O
recibió,_,_,VERB,O
guionista,_,_,NOUN,O
guionista,_,_,NOUN,I
Escuela,_,_,PROPN,B
Experimentación,_,_,PROPN,I
realización,_,_,NOUN,I
cinematográfica,_,_,ADJ,I
ENERC,_,_,PROPN,B
2000,_,_,NUM,O
2000,_,_,NOUN,O
autora,_,_,NOUN,I
blogs,false,Insertion,PROPN,I
Bestiaria,_,_,PROPN,I
editó,_,_,VERB,O
libro,_,_,NOUN,O
libro,_,_,NOUN,I
sello,_,_,NOUN,O
Aguilar,_,_,PROPN,B
2008,_,_,NOUN,O
Ciega,_,_,PROPN,B
citas,_,_,NOUN,I
transformó,_,_,VERB,O
serie,_,_,NOUN,O
televisión,_,_,NOUN,O
adaptada,_,_,ADJ,O
blog,false,Insertion,NOUN,O
blog,_,_,NOUN,O
Colaboró,_,_,VERB,B
diarios,_,_,NOUN,O
revistas,_,_,NOUN,O
Joy,_,_,PROPN,B
Joy,_,_,PROPN,I
Crítica,_,_,PROPN,B
In,_,_,PROPN,B
Metrópolis,_,_,PROPN,B
Gataflora,_,_,PROPN,B
Ohlalá,_,_,PROPN,B
mujer,_,_,NOUN,I
mujer,_,_,NOUN,O
escribe,_,_,VERB,O
canales,_,_,NOUN,O
productoras,_,_,NOUN,O
Pramer,_,_,PROPN,B
Promofilm,_,_,PROPN,B
Mandarina,_,_,PROPN,B
Camilo,_,_,PROPN,B
Ad,_,_,DET,I
Hoc,_,_,PROPN,I
Actualmente,_,_,ADV,O
columnista,_,_,NOUN,O
Mañana,_,_,ADV,O
tarde,_,_,ADV,O
tarde,_,_,ADV,I
Radio,_,_,PROPN,B
Plata,_,_,PROPN,I
AM,_,_,PROPN,I
1030,_,_,NOUN,I
Wasabi,_,_,PROPN,B
Planeta,_,_,PROPN,B
encuentra,_,_,AUX,O
encuentra,_,_,VERB,O
trabajando,_,_,VERB,O
saldrá,_,_,VERB,O
directamente,_,_,ADV,O
papel,_,_,NOUN,O
2010,_,_,NOUN,O
ARTICLE0058,_,_,PROPN,B
Borrador,_,_,PROPN,B
Borrador,_,_,NOUN,B
relato,_,_,NOUN,O
construido,_,_,ADJ,O
grabaciones,_,_,NOUN,O
Julian,_,_,PROPN,B
Assange,_,_,PROPN,I
Assange,_,_,PROPN,B
singular,_,_,ADJ,O
relación,_,_,NOUN,O
orígenes,_,_,NOUN,O
WikiLeaks,_,_,PROPN,B
WikiLeaks,_,_,PROPN,I
periodísticos,_,_,ADJ,O
16,_,_,NUM,O
descubrió,_,_,VERB,O
tantos,_,_,DET,O
jóvenes,_,_,NOUN,O
compró,_,_,VERB,O
Commodore,_,_,PROPN,B
64,_,_,NUM,I
Enseguida,_,_,ADV,B
módem,true,Insertion,PROPN,I
comunicarse,_,_,NOUN,O
suburbio,_,_,NOUN,O
Melbourne,_,_,PROPN,B
Melbourne,_,_,PROPN,I
Aprendió,_,_,VERB,B
pasearse,_,_,PROPN,O
sistemas,_,_,NOUN,O
NASA,_,_,PROPN,B
centrales,_,_,NOUN,O
nucleares,_,_,ADJ,O
francesas,_,_,ADJ,O
Pentágono,_,_,PROPN,B
17,_,_,NUM,I
1988,_,_,NOUN,O
autoridades,_,_,NOUN,O
australianas,_,_,ADJ,O
endurecieron,_,_,VERB,O
tipificaban,_,_,VERB,O
informáticos,_,_,ADJ,O
gesto,_,_,NOUN,I
unía,_,_,VERB,O
futuro,_,_,NOUN,O
futuro,_,_,NOUN,I
guardar,_,_,VERB,O
discos,_,_,NOUN,O
colmena,_,_,NOUN,O
abejas,_,_,NOUN,O
había,_,_,AUX,O
vagabundeado,_,_,VERB,O
saberes,_,_,NOUN,O
protegían,_,_,VERB,O
errancias,_,_,NOUN,O
Autobiografía,_,_,PROPN,I
autorizada,_,_,ADJ,O
hombres,_,_,NOUN,O
buscados,_,_,ADJ,O
precisamente,_,_,ADV,O
Latina,_,_,PROPN,I
refugio,_,_,NOUN,O
unas,_,_,DET,O
escuetas,_,_,ADJ,O
habitaciones,_,_,NOUN,O
embajada,_,_,NOUN,O
imposible,_,_,ADJ,I
editorial,_,_,NOUN,O
británica,_,_,ADJ,O
Canongate,_,_,PROPN,B
cumplir,_,_,VERB,O
contrato,_,_,NOUN,O
pagado,_,_,VERB,O
adelanto,_,_,NOUN,O
pensaba,_,_,VERB,O
utilizarlo,_,_,VERB,O
acusaciones,_,_,NOUN,O
preso,_,_,NOUN,O
celda,_,_,NOUN,O
máxima,_,_,ADJ,O
forzar,_,_,VERB,O
extradición,_,_,NOUN,O
arrepintió,_,_,VERB,I
trato,_,_,NOUN,I
declaró,_,_,VERB,O
memorias,_,_,NOUN,O
prostitución,_,_,NOUN,O
cincuenta,_,_,NUM,I
grabación,_,_,NOUN,I
intervención,_,_,NOUN,O
novelista,_,_,NOUN,O
escocés,_,_,ADJ,O
Andrew,_,_,PROPN,B
ghost,false[8],Insertion[8],PROPN,O
writer,false[8],Insertion[8],PROPN,O
oxímoron,_,_,VERB,O
texto,_,_,NOUN,I
desparejo,_,_,ADJ,I
pocas,_,_,DET,O
revelaciones,_,_,NOUN,O
maravilloso,_,_,ADJ,O
juventud,_,_,NOUN,O
reflexiones,_,_,NOUN,O
iluminadoras,_,_,ADJ,O
inconsistentes,_,_,ADJ,O
soliloquio,_,_,NOUN,I
defensivo,_,_,ADJ,O
alcanza,_,_,VERB,O
estatura,_,_,NOUN,O
manifiesto,_,_,NOUN,O
pretendió,_,_,VERB,O
Claro,_,_,ADV,B
expresa,_,_,VERB,O
acciones,_,_,NOUN,O
plano,_,_,NOUN,O
elocuencia,_,_,NOUN,O
caudal,_,_,NOUN,O
abrumador,_,_,ADJ,O
secreta,_,_,ADJ,O
deja,_,_,VERB,O
evidencia,_,_,NOUN,O
manipulaciones,_,_,NOUN,O
logrado,_,_,VERB,O
movilizar,_,_,VERB,O
ONG,_,_,PROPN,O
gobiernos,_,_,NOUN,O
arresto,_,_,NOUN,O
domiciliario,_,_,ADJ,O
cumplió,_,_,VERB,O
último,_,_,ADJ,O
AP,_,_,PROPN,B
personajes,_,_,NOUN,O
clave,_,_,NOUN,O
formación,_,_,NOUN,O
manifestación,_,_,NOUN,O
Vietnam,_,_,PROPN,I
donde,_,_,PRON,O
combatieron,_,_,VERB,O
60.000,_,_,NUM,O
australianos,_,_,NOUN,O
escena,_,_,NOUN,I
escena,_,_,NOUN,O
recién,_,_,ADV,O
Sydney,_,_,PROPN,B
Christine,_,_,PROPN,B
provinciana,_,_,NOUN,O
marea,_,_,NOUN,O
protesta,_,_,NOUN,O
27,_,_,NUM,I
culto,_,_,ADJ,O
bigote,_,_,NOUN,O
responde,_,_,VERB,I
mano,_,_,NOUN,O
julio,_,_,NOUN,O
1971,_,_,NUM,O
matrimonio,_,_,NOUN,O
dura,_,_,VERB,O
Entra,_,_,VERB,B
segundo,_,_,ADJ,O
adoptivo,_,_,ADJ,O
daría,_,_,VERB,O
apellido,_,_,NOUN,O
chino,_,_,NOUN,O
Ah,_,_,PROPN,B
Sang,_,_,PROPN,I
marcaría,_,_,VERB,O
sentido,_,_,NOUN,O
arte,_,_,NOUN,O
bohemia,_,_,NOUN,O
tercer,_,_,ADJ,I
tercera,_,_,ADJ,O
tratarán,_,_,AUX,O
repetidamente,_,_,ADV,O
escapar,_,_,VERB,O
recorriendo,_,_,VERB,O
infinitas,_,_,ADJ,O
Australia,_,_,PROPN,B
encontraba,_,_,VERB,O
supo,_,_,VERB,I
formaba,_,_,VERB,O
secta,_,_,NOUN,O
complicidad,_,_,NOUN,O
hacían,_,_,VERB,O
incesante,_,_,ADJ,O
persecución,_,_,NOUN,O
brilla,_,_,VERB,O
cielo,_,_,NOUN,O
modelo,_,_,NOUN,O
parangón,_,_,NOUN,O
poseía,_,_,VERB,O
don,_,_,NOUN,O
amar,_,_,VERB,O
convertir,_,_,VERB,O
intrínsecamente,_,_,ADV,O
conoció,_,_,VERB,O
biológico,_,_,ADJ,O
iniciativa,_,_,NOUN,O
lamentó,_,_,VERB,O
haber,_,_,AUX,O
contado,_,_,VERB,O
adolescencia,_,_,NOUN,O
encontró,_,_,VERB,O
biblioteca,_,_,NOUN,O
lecturas,_,_,NOUN,O
Dostoievski,_,_,PROPN,B
Kafka,_,_,PROPN,B
Koestler,_,_,PROPN,B
repente,_,_,NOUN,O
comprendí,_,_,AUX,O
recorrido,_,_,NOUN,O
estante,_,_,ADV,O
teniendo,_,_,AUX,O
paso,_,_,NOUN,O
soportar,_,_,VERB,O
pruebas,_,_,NOUN,O
tribulaciones,_,_,NOUN,O
leve,_,_,PROPN,O
condena,_,_,VERB,O
hacker,false,Insertion,PROPN,O
estudiaba,_,_,VERB,O
física,_,_,ADJ,O
matemática,_,_,ADJ,O
Universidad,_,_,PROPN,B
origen,_,_,NOUN,I
truco,_,_,NOUN,O
informático,_,_,ADJ,O
vinculado,_,_,ADJ,O
desarrollos,_,_,NOUN,O
criptografía,_,_,NOUN,O
habilidad,_,_,NOUN,O
habilidad,_,_,NOUN,I
codificar,_,_,VERB,O
interceptados,_,_,VERB,O
resistirse,_,_,PROPN,I
asociación,_,_,NOUN,I
hermanos,_,_,NOUN,O
perseguidos,_,_,ADJ,O
lunático,_,_,NOUN,O
Cypher-punks,_,_,PROPN,B
cifra,_,_,NOUN,O
enigma,_,_,PROPN,O
traducida,_,_,ADJ,O
filoso,_,_,ADJ,O
cyber-punks,_,_,PROPN,O
apenas,_,_,ADV,O
cibernética,_,_,NOUN,O
puente,_,_,NOUN,O
aspiración,_,_,NOUN,O
periodismo,_,_,NOUN,O
Avancé,_,_,PROPN,B
quería,_,_,VERB,O
formarme,_,_,VERB,O
renovada,_,_,ADJ,O
honestidad,_,_,NOUN,O
periodística,_,_,ADJ,O
Detrás,_,_,ADV,B
revolucionaria,_,_,ADJ,O
protección,_,_,NOUN,O
detalle,_,_,NOUN,O
filtraciones,_,_,NOUN,O
públicas,_,_,ADJ,O
complicada,_,_,ADJ,O
The,false[9],Named Entity[9],PROPN,B
The,false[10],Named Entity[10],PROPN,B
The,false[18],Named Entity[18],PROPN,B
The,false[21],Named Entity[21],PROPN,B
The,false[25],Named Entity[25],PROPN,B
The,_,_,PROPN,B
The,false[31],Named Entity[31],PROPN,B
The,false[32],Named Entity[32],PROPN,B
Guardian,false[9],Named Entity[9],PROPN,I
New,false[10],Named Entity[10],PROPN,I
New,false[10],Named Entity[10],PROPN,B
New,false[18],Named Entity[18],PROPN,I
New,false[18],Named Entity[18],PROPN,B
New,false[25],Named Entity[25],PROPN,I
New,false[25],Named Entity[25],PROPN,B
New,false[30],Named Entity[30],PROPN,I
New,false[30],Named Entity[30],PROPN,B
York,false[10],Named Entity[10],PROPN,I
York,_,_,PROPN,I
York,false[18],Named Entity[18],PROPN,I
York,false[25],Named Entity[25],PROPN,I
York,false[30],Named Entity[30],PROPN,I
Times,false[10],Named Entity[10],PROPN,I
Times,false[10],Named Entity[10],PROPN,B
Times,false[19],Named Entity[19],PROPN,I
Times,false[19],Named Entity[19],PROPN,B
Times,false[30],Named Entity[30],PROPN,I
Times,false[30],Named Entity[30],PROPN,B
reacción,_,_,NOUN,O
colaboradores,_,_,NOUN,O
propios,_,_,DET,O
aprendizajes,_,_,NOUN,O
Collateral,_,_,PROPN,I
Murder,_,_,PROPN,I
colateral,_,_,ADJ,O
presuntos,_,_,ADJ,O
rebeldes,_,_,NOUN,O
Bagdad,_,_,PROPN,B
encontraban,_,_,VERB,O
periodistas,_,_,NOUN,O
convierte,_,_,VERB,O
guerras,_,_,NOUN,B
Afganistán,_,_,PROPN,B
Irak,_,_,PROPN,I
Irak,_,_,PROPN,B
mira,_,_,NOUN,O
diplomáticos,_,_,ADJ,O
sellan,_,_,VERB,O
sexuales,_,_,ADJ,O
Suecia,_,_,PROPN,B
buscado,_,_,VERB,O
violador,_,_,NOUN,O
tono,_,_,NOUN,I
tono,_,_,NOUN,O
evocativo,_,_,ADJ,O
poético,_,_,ADJ,O
sostenidamente,_,_,ADV,O
exaltado,_,_,ADJ,O
decepción,_,_,NOUN,O
ironía,_,_,NOUN,O
segunda,_,_,ADJ,O
tramo,_,_,NOUN,I
iluminarse,_,_,PROPN,O
resplandor,_,_,NOUN,O
conferencia,_,_,NOUN,O
prensa,_,_,NOUN,O
anunciar,_,_,VERB,O
llama,_,_,VERB,O
hablábamos,_,_,VERB,O
regularidad,_,_,NOUN,O
gustó,_,_,VERB,O
restablecer,_,_,VERB,O
preciso,_,_,ADJ,O
instante,_,_,NOUN,O
aquello,_,_,PRON,O
borrador,_,_,NOUN,O
borrador,_,_,ADJ,O
bosquejo,_,_,NOUN,O
personalidad,_,_,NOUN,O
autobiografía,_,_,NOUN,O
traza,_,_,VERB,O
rasgos,_,_,NOUN,O
fuertes,_,_,ADJ,O
esbozados,_,_,ADJ,O
Del,_,_,ADP,I
Zorzal,_,_,PROPN,I
Trad,_,_,PROPN,I
Murillo,_,_,PROPN,I
282,_,_,NUM,O
$,_,_,NUM,O
90,_,_,NUM,O
ARTICLE0069,_,_,PROPN,B
Alivio,_,_,PROPN,B
adicto,_,_,NOUN,O
shopping,false,Insertion,NOUN,O
outlet,false,Insertion,NOUN,I
outlet,false,Insertion,PROPN,O
outlets,false,Insertion,PROPN,I
outlets,false,Insertion,PROPN,O
outlets,_,_,PROPN,I
outlets,_,_,PROPN,O
220,_,_,NUM,O
comercios,_,_,NOUN,O
comprar,_,_,VERB,O
irse,_,_,PROPN,O
siguiente,_,_,ADJ,O
NUEVA,_,_,ADJ,B
YORK,_,_,PROPN,I
negro,_,_,ADJ,O
negro,_,_,ADJ,I
serlo,_,_,PROPN,O
Manhattan,_,_,PROPN,B
metros,_,_,NOUN,O
ruta,_,_,NOUN,O
32,_,_,NUM,O
valle,_,_,NOUN,O
central,_,_,ADJ,O
estado,_,_,NOUN,B
Nueva,_,_,PROPN,I
Nueva,_,_,PROPN,B
black,false[11],Insertion[11],PROPN,O
friday,false[11],Insertion[11],PROPN,O
Woodbury,_,_,PROPN,B
Woodbury,false[20],Named Entity[20],PROPN,B
Woodbury,false[24],Named Entity[24],PROPN,B
Common,_,_,PROPN,I
Common,false[20],Named Entity[20],PROPN,I
Common,false[24],Named Entity[24],PROPN,I
cuna,_,_,NOUN,O
americanos,_,_,ADJ,O
accesorios,_,_,NOUN,O
cosméticos,_,_,ADJ,O
marcas,_,_,NOUN,O
marcas,_,_,NOUN,I
lujo,_,_,NOUN,O
diseñador,_,_,NOUN,O
aquel,_,_,DET,O
originado,_,_,ADJ,O
Filadelfia,_,_,PROPN,B
denominado,_,_,ADJ,O
color,_,_,NOUN,O
denso,_,_,ADJ,O
tránsito,_,_,NOUN,O
colma,_,_,VERB,O
calles,_,_,NOUN,O
Acción,_,_,PROPN,B
oportunidad,_,_,NOUN,O
salir,_,_,VERB,O
salir,_,_,AUX,O
continúa,_,_,VERB,O
significativas,_,_,ADJ,O
rebajas,_,_,NOUN,O
Temperaturas,_,_,NOUN,B
cero,_,_,NOUN,I
vientos,_,_,NOUN,I
30,_,_,NUM,I
30,_,_,NUM,O
desanimar,_,_,VERB,O
caminar,_,_,VERB,O
parecen,_,_,AUX,O
obstáculo,_,_,NOUN,O
tampoco,_,_,ADV,I
facilidad,_,_,NOUN,I
llegar,_,_,VERB,I
llegar,_,_,VERB,O
bus,_,_,NOUN,O
bus,_,_,NOUN,I
tren,_,_,PROPN,O
taxi,_,_,PROPN,O
limusina,_,_,NOUN,O
helicóptero,_,_,NOUN,O
resuelve,_,_,VERB,O
inconveniente,_,_,NOUN,O
descuentos,_,_,NOUN,I
descuentos,_,_,NOUN,O
Premium,false[12],Named Entity[12],PROPN,B
Premium,false[12],Named Entity[12],PROPN,I
Premium,false[14],Named Entity[14],PROPN,B
Premium,false[14],Named Entity[14],PROPN,I
Premium,false[16],Named Entity[16],PROPN,B
Premium,false[16],Named Entity[16],PROPN,I
Outlets,false[12],Named Entity[12],PROPN,I
Outlets,false[14],Named Entity[14],PROPN,I
Outlets,false[16],Named Entity[16],PROPN,I
marca,_,_,NOUN,O
centros,_,_,NOUN,O
grande,_,_,ADJ,O
perteneciente,_,_,ADJ,O
bienes,_,_,NOUN,O
raíces,_,_,NOUN,O
Pintoresca,_,_,PROPN,O
villa,_,_,PROPN,O
medio,_,_,NOUN,O
montañas,_,_,NOUN,O
50,_,_,NUM,O
sedes,_,_,NOUN,O
sabido,_,_,VERB,O
Manzana,_,_,PROPN,I
tiente,_,_,ADV,O
oportunidades,_,_,NOUN,O
firmas,_,_,NOUN,O
Gucci,_,_,PROPN,B
Prada,_,_,PROPN,B
Prada,_,_,PROPN,I
Balenciaga,_,_,PROPN,B
YSL,_,_,PROPN,O
Dolce,_,_,PROPN,B
&,_,_,PROPN,I
Gabbana,_,_,PROPN,I
Ralph,_,_,PROPN,I
Lauren,_,_,PROPN,I
Salvatore,_,_,PROPN,B
Ferragamo,_,_,PROPN,I
Valentino,_,_,PROPN,B
Calvin,_,_,PROPN,B
Klein,_,_,PROPN,I
Herrera,_,_,PROPN,I
Armani,_,_,PROPN,B
Guess,_,_,PROPN,B
Guess,false,Named Entity,PROPN,B
Gap,_,_,PROPN,B
Gap,false,Named Entity,PROPN,B
Banana,_,_,PROPN,B
Banana,false[17],Named Entity[17],PROPN,B
Republic,_,_,PROPN,I
Republic,false[17],Named Entity[17],PROPN,I
Anne,_,_,PROPN,B
Taylor,_,_,PROPN,I
Este,_,_,DET,B
organizado,_,_,ADJ,O
colores,_,_,NOUN,O
necesario,_,_,ADJ,O
pasar,_,_,VERB,O
entero,_,_,ADJ,O
comprando,_,_,VERB,O
parezca,_,_,VERB,O
parezca,_,_,AUX,O
asientos,_,_,NOUN,O
doquier,_,_,NUM,O
cajeros,_,_,NOUN,O
automáticos,_,_,ADJ,O
carritos,_,_,NOUN,O
bebes,_,_,NOUN,O
sillas,_,_,NOUN,O
ruedas,_,_,NOUN,O
listado,_,_,NOUN,I
completo,_,_,ADJ,I
mapa,_,_,NOUN,O
idiomas,_,_,NOUN,O
bienvenida,_,_,NOUN,O
adjunto,_,_,NOUN,O
soñados,_,_,ADJ,O
cupones,_,_,NOUN,O
descuento,_,_,NOUN,O
148,_,_,NUM,O
suman,_,_,VERB,O
existentes,_,_,ADJ,O
infaltable,_,_,ADJ,I
incluye,_,_,VERB,O
tablas,_,_,NOUN,O
conversión,_,_,NOUN,O
talles,_,_,NOUN,O
envío,_,_,NOUN,O
personal,false[13],Insertion[13],NOUN,I
shopper,false[13],Insertion[13],PROPN,I
acompaña,_,_,VERB,O
tour,_,_,NOUN,O
reserva,_,_,NOUN,O
orienta,_,_,PROPN,O
ofertas,_,_,NOUN,O
aprovecharlas,_,_,NOUN,O
dato,_,_,NOUN,I
consiguen,_,_,VERB,O
mejores,_,_,ADJ,O
asociándose,_,_,VERB,O
VIP,false[14],Named Entity[14],PROPN,B
VIP,false[14],Named Entity[14],PROPN,O
VIP,false[27],Insertion[27],PROPN,B
VIP,false[27],Insertion[27],PROPN,O
VIP,_,_,PROPN,B
VIP,_,_,PROPN,O
Shopper,false[14],Named Entity[14],PROPN,I
Club,false[14],Named Entity[14],PROPN,I
previo,_,_,ADJ,O
página,_,_,NOUN,O
Web,false,Insertion,PROPN,B
www.premiumoutlets.com,_,_,PROPN,O
Bien,_,_,ADV,I
valen,_,_,VERB,I
paseo,_,_,NOUN,I
shopaholic,false,Insertion,ADV,O
fashion,false[15],Insertion[15],PROPN,O
victims,false[15],Insertion[15],PROPN,O
seductor,_,_,NOUN,I
pasatiempo,_,_,NOUN,I
compulsivo,_,_,ADJ,O
agenda,_,_,NOUN,O
duda,_,_,NOUN,I
duda,_,_,NOUN,O
japoneses,_,_,NOUN,I
chinos,_,_,NOUN,I
protagonistas,_,_,NOUN,O
ve,_,_,VERB,I
cargadísimos,_,_,ADJ,I
bolsas,_,_,NOUN,I
arrastrando,_,_,VERB,O
latinos,_,_,NOUN,I
cientos,_,_,NUM,O
mexicanos,_,_,NOUN,O
brasileños,_,_,NOUN,O
cantidad,_,_,NOUN,O
faltan,_,_,VERB,O
argentinos,_,_,NOUN,O
visitantes,_,_,NOUN,O
ola,_,_,NOUN,I
frío,_,_,NOUN,I
conveniente,_,_,ADJ,O
abrigo,_,_,NOUN,O
impermeable,_,_,ADJ,O
mirar,_,_,VERB,O
percheros,_,_,NOUN,O
contratemporada,_,_,NOUN,O
Algunas,_,_,PRON,B
buscadas,_,_,ADJ,I
argentinas,_,_,NOUN,O
argentinas,_,_,ADJ,O
Espirit,_,_,PROPN,B
Benetton,_,_,PROPN,B
Ann,_,_,PROPN,B
remeras,_,_,NOUN,I
básicas,_,_,ADJ,I
básicas,_,_,ADJ,O
"8,99",_,_,NUM,O
dólares,_,_,NOUN,O
dólares,_,_,NOUN,I
modelos,_,_,NOUN,O
escote,_,_,NOUN,O
V,_,_,PROPN,O
tul,_,_,PROPN,O
"8,49",_,_,NUM,O
soleros,_,_,NOUN,O
poliéster,true,Insertion,VERB,O
poliéster,true,Insertion,PROPN,O
poliéster,_,_,VERB,O
poliéster,_,_,PROPN,O
guardas,_,_,NOUN,O
mostacilla,_,_,NOUN,O
encaje,_,_,NOUN,O
"79,60",_,_,NUM,O
chemises,_,_,ADJ,O
algodón,_,_,NOUN,O
spandex,false,Insertion,NOUN,O
"27,99",_,_,NUM,O
leggings,false,Insertion,VERB,O
"9,99",_,_,NUM,O
jeans,false,Insertion,NOUN,O
"19,99",_,_,NUM,O
acorde,_,_,ADV,O
neoyorquino,_,_,ADJ,O
andar,_,_,VERB,O
interiores,_,_,NOUN,O
ballerinas,_,_,NOUN,O
lana,_,_,NOUN,O
"22,99",_,_,NUM,O
botas,_,_,NOUN,O
cortas,_,_,ADJ,O
80,_,_,NUM,O
botinetas,_,_,ADJ,O
"62,50",_,_,NUM,O
modo,_,_,NOUN,O
chaquetas,_,_,NOUN,O
golf,_,_,NOUN,O
nylon,_,_,NOUN,O
original,_,_,ADJ,O
era,_,_,AUX,O
95,_,_,NUM,O
sandalias,_,_,NOUN,I
charol,_,_,NOUN,I
650,_,_,NUM,I
consigue,_,_,VERB,O
292,_,_,NUM,O
Michael,_,_,PROPN,I
Kors,_,_,PROPN,I
285,_,_,NUM,O
128,_,_,NUM,O
Manolo,_,_,PROPN,B
Blahnik,_,_,PROPN,I
obtienen,_,_,VERB,O
977,_,_,NUM,O
Precios,_,_,NOUN,B
aun,_,_,ADV,O
multiplicados,_,_,ADJ,O
cuatro,_,_,NUM,O
convenientes,_,_,ADJ,O
vidrieras,_,_,NOUN,O
llenar,_,_,VERB,I
valija,_,_,NOUN,I
valija,_,_,NOUN,O
sugerencia,_,_,NOUN,I
ideal,_,_,ADJ,I
aprovechar,_,_,VERB,O
cierre,_,_,NOUN,O
alojarse,_,_,PROPN,O
cercano,_,_,ADJ,O
regresar,_,_,VERB,O
Ropa,_,_,NOUN,B
calzados,_,_,NOUN,I
bandolera,_,_,NOUN,O
mochila,_,_,PROPN,O
liviana,_,_,ADJ,O
rueditas,_,_,NOUN,O
exagerado,_,_,ADJ,O
paquetes,_,_,NOUN,I
ofrecidos,_,_,ADJ,O
hoteles,_,_,NOUN,O
hoteles,_,_,NOUN,I
Westin,false[18],Named Entity[18],PROPN,I
Westin,false[25],Named Entity[25],PROPN,I
Square,false[19],Named Entity[19],PROPN,I
vecinos,_,_,ADJ,I
curiosos,_,_,ADJ,O
insólitos,_,_,NOUN,O
Thayer,false[21],Named Entity[21],PROPN,I
Thayer,_,_,PROPN,I
Hotel,false[21],Named Entity[21],PROPN,I
Hotel,_,_,PROPN,I
mismísima,_,_,ADJ,O
academia,_,_,NOUN,O
militar,_,_,ADJ,O
West,false[22],Named Entity[22],PROPN,B
West,_,_,PROPN,B
Point,false[22],Named Entity[22],PROPN,I
estada,_,_,ADJ,I
estada,_,_,NOUN,O
extraña,_,_,ADJ,I
accede,_,_,VERB,O
pasaporte,_,_,VERB,O
Sobre,_,_,ADP,B
Sobre,_,_,ADP,O
ribera,_,_,PROPN,I
río,_,_,NOUN,I
Hudson,_,_,PROPN,I
bucólico,_,_,NOUN,O
Highlands,false[23],Named Entity[23],PROPN,B
Falls,false[23],Named Entity[23],PROPN,I
antigua,_,_,ADJ,O
construcción,_,_,NOUN,O
piedra,_,_,NOUN,O
deco,_,_,NOUN,O
DATOS,_,_,NOUN,B
UTILES,_,_,PROPN,I
Port,_,_,PROPN,I
Authority,_,_,PROPN,I
42,_,_,NUM,O
8ª,_,_,ADJ,O
avenida,_,_,NOUN,O
subir,_,_,VERB,O
escaleras,_,_,NOUN,O
mecánicas,_,_,ADJ,O
ventanilla,_,_,NOUN,O
autobús,_,_,NOUN,O
salida,_,_,NOUN,O
buses,_,_,NOUN,O
habitualmente,_,_,ADV,O
310,_,_,NUM,O
40,_,_,NUM,O
ida,_,_,NOUN,O
Programas,_,_,PROPN,B
Paquete,_,_,PROPN,I
270,_,_,NUM,O
43,_,_,NUM,I
street,_,_,NUM,I
399,_,_,NUM,O
habitación,_,_,NOUN,O
base,_,_,NOUN,O
doble,_,_,ADJ,O
doble,_,_,NUM,O
ticktets,false,Insertion,NOUN,O
late,false[26],Insertion[26],PROPN,O
check,false[26],Insertion[26],PROPN,O
out,false[26],Insertion[26],PROPN,O
coupon,false[27],Insertion[27],PROPN,O
coupon,false[27],Insertion[27],ADJ,O
coupon,_,_,PROPN,O
coupon,_,_,ADJ,O
book,false[27],Insertion[27],PROPN,O
book,_,_,PROPN,O
cuarta,_,_,ADJ,O
noche,_,_,NOUN,O
Samsonite,false[28],Named Entity[28],PROPN,B
Carry,false[28],Named Entity[28],PROPN,I
On,false[28],Named Entity[28],PROPN,I
regalo,_,_,NOUN,O
desayuno,_,_,NOUN,O
buffet,_,_,NOUN,O
jueves,_,_,NOUN,O
219,_,_,NUM,O
240,_,_,NUM,O
ARTICLE0075,_,_,PROPN,B
Jimmy,_,_,PROPN,B
Jimmy,_,_,PROPN,I
Wales,_,_,PROPN,I
Wales,_,_,PROPN,B
Wales,_,_,PROPN,O
señor,_,_,NOUN,O
Wikipedia,_,_,PROPN,B
Wikipedia,_,_,PROPN,I
Wikipedia,_,_,NOUN,B
Wikipedia,false[31],Named Entity[31],PROPN,B
Wikipedia,false[31],Named Entity[31],PROPN,I
Wikipedia,false[31],Named Entity[31],NOUN,B
enciclopedia,_,_,NOUN,O
despierta,_,_,VERB,O
admiración,_,_,NOUN,O
Guardián,_,_,PROPN,B
conocimiento,_,_,NOUN,O
pelea,_,_,NOUN,O
censura,_,_,NOUN,O
gana,_,_,VERB,O
fortunas,_,_,NOUN,O
Llevar,_,_,VERB,B
rincones,_,_,NOUN,O
planeta,_,_,NOUN,O
gratuita,_,_,ADJ,O
tuvo,_,_,VERB,O
metió,_,_,VERB,O
creación,_,_,NOUN,I
creación,_,_,NOUN,O
principal,_,_,ADJ,O
construye,_,_,VERB,O
colaborativa,_,_,ADJ,O
artículos,_,_,NOUN,I
artículos,_,_,NOUN,O
quinta,_,_,ADJ,O
visitada,_,_,ADJ,O
herramienta,_,_,NOUN,O
educativa,_,_,ADJ,O
reservorio,_,_,NOUN,O
Revista,_,_,PROPN,B
Revista,_,_,PROPN,I
vía,_,_,NOUN,B
Skype,_,_,PROPN,I
esposa,_,_,NOUN,O
hija,_,_,NOUN,O
nueve,_,_,NUM,O
acostumbrado,_,_,ADJ,O
prende,_,_,VERB,O
frases,_,_,NOUN,O
repite,_,_,VERB,O
calcadas,_,_,ADJ,O
entrevistas,_,_,NOUN,O
entregar,_,_,VERB,I
entregar,_,_,VERB,O
monosílabos,_,_,NOUN,I
especialmente,_,_,ADV,O
crítica,_,_,NOUN,O
temas,_,_,NOUN,O
personales,_,_,ADJ,O
sonar,_,_,VERB,O
crecía,_,_,VERB,O
Donal,_,_,PROPN,I
Jimbo,_,_,PROPN,I
Jimbo,_,_,PROPN,B
apodo,_,_,NOUN,O
nació,_,_,VERB,O
47,_,_,NUM,O
Alabama,_,_,PROPN,B
comerciante,_,_,NOUN,O
maestra,_,_,PROPN,O
estudió,_,_,VERB,O
estudió,_,_,VERB,I
escolares,_,_,ADJ,O
tomó,_,_,VERB,O
amor,_,_,NOUN,O
Finanzas,_,_,PROPN,I
Auburn,_,_,PROPN,I
doctorado,_,_,NOUN,O
Indiana,_,_,PROPN,I
Trabajó,_,_,VERB,B
asesor,_,_,NOUN,O
asesor,_,_,ADJ,O
financiero,_,_,ADJ,O
Chicago,_,_,PROPN,B
Options,_,_,PROPN,I
Associates,_,_,PROPN,I
fortuna,_,_,NOUN,O
germen,_,_,NOUN,I
miraba,_,_,VERB,O
pesadas,_,_,ADJ,O
enciclopedias,_,_,ADJ,O
marcaba,_,_,VERB,O
stickers,false,Insertion,NOUN,O
entradas,_,_,NOUN,O
actualizadas,_,_,ADJ,O
1996,_,_,NOUN,I
contenidos,_,_,NOUN,O
eróticos,_,_,ADJ,O
llamado,_,_,ADJ,O
Bomis,_,_,PROPN,B
consultado,_,_,VERB,O
consultado,_,_,ADJ,O
razón,_,_,NOUN,O
describió,_,_,VERB,O
motor,_,_,NOUN,O
búsqueda,_,_,NOUN,O
destinado,_,_,ADJ,O
chicas,_,_,NOUN,I
poca,_,_,DET,I
generaron,_,_,VERB,O
ganancias,_,_,NOUN,O
mudarse,_,_,PROPN,O
San,_,_,PROPN,B
Diego,_,_,PROPN,I
surfear,_,_,VERB,O
fundar,_,_,VERB,O
Nupedia,_,_,PROPN,B
revisión,_,_,NOUN,O
pares,_,_,NOUN,O
escritos,_,_,ADJ,O
expertos,_,_,NOUN,O
expertos,_,_,ADJ,O
embrión,_,_,NOUN,O
Transcurría,_,_,VERB,B
Kira,_,_,PROPN,B
prosperó,_,_,VERB,O
socios,_,_,NOUN,O
apostaron,_,_,VERB,O
crecimiento,_,_,NOUN,O
obsesionó,_,_,VERB,O
abierta,_,_,ADJ,O
focalizó,_,_,VERB,O
lleno,_,_,NOUN,O
lleno,_,_,ADJ,O
Así,_,_,ADV,B
enero,_,_,NOUN,O
enero,_,_,NOUN,I
2001,_,_,NUM,O
www.wikipedia.org,_,_,PROPN,O
alcance,_,_,NOUN,I
wiki,_,_,PROPN,O
permite,_,_,VERB,O
usuarios,_,_,NOUN,O
crear,_,_,VERB,O
colectivamente,_,_,ADV,O
contenido,_,_,NOUN,O
editarlo,_,_,PROPN,O
millón,_,_,NOUN,O
editado,_,_,VERB,O
artículo,_,_,NOUN,O
distintivo,_,_,ADJ,I
plataforma,_,_,NOUN,I
plataforma,_,_,NOUN,O
editar,_,_,VERB,O
publicación,_,_,NOUN,O
existe,_,_,VERB,O
80.000,_,_,NUM,O
voluntarios,_,_,NOUN,O
alrededor,_,_,ADV,O
velan,_,_,VERB,O
edición,_,_,NOUN,O
malintencionada,_,_,ADJ,O
errores,_,_,NOUN,O
devoto,_,_,NOUN,I
ejército,_,_,NOUN,I
pende,_,_,VERB,O
veracidad,_,_,NOUN,O
mantenimiento,_,_,NOUN,O
toda,_,_,DET,O
luchas,_,_,NOUN,O
egos,_,_,NOUN,O
distintas,_,_,DET,O
miradas,_,_,NOUN,O
miradas,_,_,NOUN,I
arman,_,_,VERB,O
largos,_,_,ADJ,O
pueden,_,_,AUX,O
costado,_,_,NOUN,O
disputa,_,_,NOUN,I
levanta,_,_,VERB,I
demasiado,_,_,ADV,I
demasiado,_,_,ADV,O
revuelo,_,_,NOUN,I
recurren,_,_,VERB,O
fuese,_,_,AUX,O
brujo,_,_,NOUN,O
sabio,_,_,ADJ,O
mediará,_,_,VERB,O
pesar,_,_,NOUN,O
múltiples,_,_,ADJ,O
roles,true,Insertion,ADJ,O
roles,true,Insertion,NOUN,O
roles,false,Insertion,ADJ,O
roles,false,Insertion,NOUN,O
fuera,_,_,ADV,O
activamente,_,_,ADV,O
Edito,_,_,PROPN,O
apasiona,_,_,VERB,O
haré,_,_,VERB,O
burbuja,_,_,NOUN,I
explotó,_,_,VERB,O
dejaba,_,_,AUX,O
gatear,_,_,VERB,O
giró,_,_,VERB,O
timón,_,_,NOUN,O
2003,_,_,NUM,O
anunció,_,_,VERB,O
fundación,_,_,NOUN,B
fundación,_,_,NOUN,O
Wikimedia,_,_,PROPN,I
Wikimedia,_,_,PROPN,B
mantener,_,_,VERB,O
operación,_,_,NOUN,O
Wikidata,_,_,PROPN,B
Wikcionario,_,_,PROPN,B
Wikiviajes,_,_,PROPN,B
Wikilibros,_,_,PROPN,B
2007,_,_,NOUN,O
recuadro,_,_,PROPN,O
13,_,_,NUM,I
13,_,_,NUM,O
disponible,_,_,ADJ,O
lenguas,_,_,NOUN,O
mil,_,_,NUM,O
vistas,_,_,ADJ,O
516,_,_,NUM,O
únicos,_,_,ADJ,O
mes,_,_,NOUN,O
Google,_,_,PROPN,B
Yahoo,_,_,PROPN,B
Microsoft,_,_,PROPN,B
estima,_,_,VERB,O
aceptara,_,_,VERB,O
valdría,_,_,VERB,O
Editor,_,_,NOUN,B
privilegios,_,_,NOUN,I
creció,_,_,VERB,O
junto,_,_,ADJ,O
nombrado,_,_,VERB,O
influyentes,_,_,ADJ,O
revista,_,_,NOUN,O
Time,_,_,PROPN,B
joven,_,_,ADJ,O
Davos,_,_,PROPN,B
destino,_,_,NOUN,I
llevó,_,_,VERB,I
37,_,_,NUM,O
salido,_,_,VERB,O
conferencias,_,_,NOUN,O
conferencias,_,_,ADJ,O
gozar,_,_,VERB,O
Silicon,false[29],Named Entity[29],PROPN,B
Valley,false[29],Named Entity[29],PROPN,I
Boys,false[29],Named Entity[29],PROPN,I
supera,_,_,VERB,O
incluidas,_,_,VERB,O
Wikiaun,_,_,PROPN,B
hosting,false,Insertion,NOUN,O
aloja,_,_,PROPN,O
aloja,_,_,VERB,O
gratis,_,_,PROPN,O
Corbis,_,_,PROPN,O
Corbis,_,_,PROPN,I
recibe,_,_,VERB,O
achaca,_,_,VERB,O
modificado,_,_,VERB,O
publicaciones,_,_,NOUN,O
protocolo,_,_,NOUN,O
modificación,_,_,NOUN,O
requiere,_,_,VERB,O
fáctica,_,_,ADJ,O
atribuible,_,_,ADJ,O
material,_,_,NOUN,O
publicado,_,_,ADJ,O
citado,_,_,VERB,O
corrigió,_,_,VERB,O
biografía,_,_,NOUN,O
error,_,_,NOUN,O
Siento,_,_,VERB,O
inverificable,_,_,ADJ,O
quizá,_,_,ADV,O
debería,_,_,AUX,O
intentó,_,_,VERB,O
bromear,_,_,VERB,O
ampliamente,_,_,ADV,O
criticado,_,_,ADJ,O
wikipedista,true,Insertion,ADJ,O
Otro,_,_,DET,B
conflicto,_,_,NOUN,I
gira,_,_,VERB,I
torno,_,_,NOUN,I
cofundación,_,_,NOUN,I
único,_,_,ADJ,O
contrató,_,_,VERB,O
Larry,_,_,PROPN,B
Sanger,_,_,PROPN,I
Sanger,_,_,PROPN,B
académico,_,_,NOUN,O
defensor,_,_,NOUN,O
software,false,Insertion,NOUN,O
lanzamiento,_,_,NOUN,O
atribuye,_,_,VERB,O
insiste,_,_,VERB,O
determinó,_,_,VERB,O
cofundador,_,_,NOUN,O
declinó,_,_,VERB,O
episodio,_,_,NOUN,O
queda,_,_,VERB,O
clara,_,_,ADJ,O
Larrysanger.org,_,_,PROPN,B
links,false,Insertion,NOUN,O
informa,_,_,VERB,O
rol,true,Insertion,NOUN,O
rol,true,Insertion,NOUN,I
rol,_,_,NOUN,O
rol,_,_,NOUN,I
metido,_,_,ADJ,O
diaria,_,_,ADJ,O
Conoce,_,_,VERB,B
editores,_,_,NOUN,I
editores,_,_,NOUN,O
miembros,_,_,NOUN,O
verlo,_,_,VERB,O
anuales,_,_,ADJ,O
celebran,_,_,VERB,O
venerado,_,_,VERB,O
mesías,_,_,NOUN,O
llamar,_,_,VERB,O
asistentes,_,_,NOUN,O
referencias,_,_,NOUN,O
multitudinarias,_,_,NOUN,O
entrega,_,_,VERB,O
speech,false,Insertion,NOUN,O
motivacional,_,_,ADJ,O
repasa,_,_,VERB,O
hitos,_,_,NOUN,O
alcanzados,_,_,ADJ,O
,_,_,PROPN,O
agregados,_,_,ADJ,O
ediciones,_,_,NOUN,O
festejados,_,_,VERB,O
campamento,_,_,NOUN,O
scout,false,Insertion,ADJ,O
Usted,_,_,PRON,B
hobbies,_,_,NOUN,O
Algún,_,_,DET,B
Estar,_,_,VERB,B
hobby,false,Insertion,PROPN,O
visita,_,_,VERB,O
Florida,_,_,PROPN,B
niña,_,_,NOUN,I
afloja,_,_,VERB,O
somos,_,_,AUX,O
cercanos,_,_,ADJ,O
volar,_,_,VERB,O
drones,_,_,NOUN,O
diversión,_,_,NOUN,O
damos,_,_,VERB,O
paseos,_,_,NOUN,O
parque,_,_,NOUN,O
casó,_,_,VERB,O
Kate,_,_,PROPN,B
Garvey,_,_,PROPN,I
conocida,_,_,ADJ,O
secretaria,_,_,NOUN,O
Tony,_,_,PROPN,B
Blair,_,_,PROPN,I
relaciones,_,_,NOUN,O
Freud,_,_,PROPN,B
Freud,_,_,PROPN,I
Communications,_,_,PROPN,I
bisnieto,_,_,NOUN,O
mismísimo,_,_,DET,O
Sigmund,_,_,PROPN,B
mudanza,_,_,NOUN,I
ocasionó,_,_,VERB,O
movimiento,_,_,NOUN,O
balancear,_,_,VERB,O
responsabilidades,_,_,NOUN,O
Cuesta,_,_,VERB,B
campañas,_,_,NOUN,O
inicio,_,_,NOUN,O
donaciones,_,_,NOUN,I
donantes,_,_,NOUN,O
exista,_,_,VERB,O
organizamos,_,_,VERB,O
eventos,_,_,NOUN,O
recaudar,_,_,VERB,O
dinero,_,_,NOUN,O
principales,_,_,ADJ,O
benefactores,_,_,NOUN,O
Que,_,_,SCONJ,O
pertenezca,_,_,VERB,O
filo,_,_,NOUN,O
colectiva,_,_,ADJ,I
gane,_,_,VERB,O
trascienda,_,_,PROPN,O
dure,_,_,VERB,O
Twitter,_,_,PROPN,B
despertara,_,_,VERB,O
signo,_,_,NOUN,O
cabeza,_,_,NOUN,O
intentar,_,_,AUX,O
abrir,_,_,VERB,O
apoyo,_,_,NOUN,O
publicitario,_,_,ADJ,O
revuelta,_,_,NOUN,O
granja,_,_,NOUN,O
ningún,_,_,DET,O
pago,_,_,NOUN,O
diseño,_,_,NOUN,I
diseño,_,_,NOUN,O
cambiado,_,_,VERB,O
Planean,_,_,VERB,B
estático,_,_,ADJ,O
cambiando,_,_,VERB,O
tecnología,_,_,NOUN,O
tecnología,_,_,NOUN,I
navegación,_,_,NOUN,O
esperamos,_,_,VERB,O
cambios,_,_,NOUN,O
queremos,_,_,VERB,O
parecernos,_,_,NOUN,O
pone,_,_,VERB,O
pelos,_,_,NOUN,O
punta,_,_,NOUN,O
recurrente,_,_,ADJ,O
certificar,_,_,VERB,O
cuáles,_,_,PRON,O
sido,_,_,AUX,O
desarrollados,_,_,VERB,O
área,_,_,NOUN,O
específica,_,_,ADJ,O
considero,_,_,VERB,O
pensamiento,_,_,NOUN,O
incorrecto,_,_,ADJ,O
noción,_,_,NOUN,I
experto,_,_,NOUN,O
certificado,_,_,ADJ,O
atrasa,_,_,VERB,O
Sí,_,_,ADV,B
diálogo,_,_,NOUN,O
pensado,_,_,ADJ,O
público,_,_,ADJ,O
público,_,_,NOUN,O
proyecto,_,_,NOUN,I
sugerían,_,_,AUX,O
Enciclopedia,_,_,PROPN,B
Británica,_,_,PROPN,I
1911,_,_,NOUN,O
tomarlo,_,_,VERB,O
partida,_,_,NOUN,O
rechazó,_,_,VERB,O
Podrías,_,_,AUX,B
Julio,_,_,PROPN,B
César,_,_,PROPN,I
,_,_,NUM,B
,false[32],Named Entity[32],NUM,B
respuesta,_,_,NOUN,O
evolucionan,_,_,VERB,I
creo,_,_,VERB,O
prueba,_,_,NOUN,O
enfatiza,_,_,VERB,O
foros,_,_,NOUN,O
largamente,_,_,ADV,O
poseídos,_,_,VERB,O
dictatorial,_,_,ADJ,O
expresar,_,_,VERB,O
Anna,_,_,PROPN,B
Torres,_,_,PROPN,I
ejecutiva,_,_,ADJ,O
cruce,_,_,NOUN,O
Cualquiera,_,_,PRON,B
fundamentar,_,_,VERB,O
aporte,_,_,NOUN,O
confiables,_,_,ADJ,O
herramientas,_,_,NOUN,O
sesgo,_,_,NOUN,O
discusión,_,_,NOUN,O
reconocido,_,_,VERB,O
inician,_,_,VERB,O
pujas,_,_,NOUN,O
maneras,_,_,NOUN,O
diferencial,_,_,ADJ,O
visitado,_,_,VERB,O
empresario,_,_,NOUN,O
Martín,_,_,PROPN,B
Varsavsky,_,_,PROPN,I
Varsavsky,_,_,PROPN,B
Varsavsky,_,_,PROPN,O
portal,_,_,NOUN,O
Educ.ar,_,_,PROPN,B
2009,_,_,NOUN,O
especial,_,_,ADJ,O
casamiento,_,_,NOUN,O
contarle,_,_,PROPN,O
dificultades,_,_,NOUN,O
atravesaba,_,_,VERB,O
intentando,_,_,AUX,O
asegurar,_,_,VERB,O
habíamos,_,_,AUX,O
distribuido,_,_,VERB,O
colegios,_,_,NOUN,O
sorprendió,_,_,VERB,O
offline,false,Insertion,NOUN,O
desafío,_,_,NOUN,I
meter,_,_,VERB,O
soporte,_,_,NOUN,O
entra,_,_,VERB,O
desarrollar,_,_,VERB,O
proporcionara,_,_,VERB,O
utilizando,_,_,AUX,O
abierto,_,_,ADJ,O
selfmademan,_,_,PROPN,O
refiere,_,_,VERB,O
Él,_,_,PRON,B
autoeducado,_,_,ADJ,O
creó,_,_,VERB,O
aprender,_,_,VERB,O
esté,_,_,VERB,O
pudiéramos,_,_,VERB,O
inconcebible,_,_,ADJ,O
cierra,_,_,VERB,O
Controversia,_,_,PROPN,O
utilidad,_,_,NOUN,O
cuestiona,_,_,VERB,O
calidad,_,_,NOUN,O
allí,_,_,ADV,O
erróneos,_,_,ADJ,O
malintencionados,_,_,ADJ,O
análisis,_,_,NOUN,O
estudiado,_,_,VERB,O
tesis,_,_,NOUN,O
doctorales,_,_,ADJ,O
trabajos,_,_,NOUN,O
universitarios,_,_,ADJ,O
documental,_,_,NOUN,O
holandés,_,_,ADJ,O
Truth,false[31],Named Entity[31],PROPN,I
According,false[31],Named Entity[31],PROPN,I
examina,_,_,VERB,O
fiabilidad,_,_,NOUN,O
dicotomía,_,_,NOUN,O
aficionados,_,_,ADJ,O
Santiago,_,_,PROPN,B
Kalinowski,_,_,PROPN,I
departamento,_,_,NOUN,O
Investigaciones,_,_,PROPN,B
Lingüísticas,_,_,PROPN,I
Filológicas,_,_,PROPN,B
Letras,_,_,PROPN,I
resultados,_,_,NOUN,O
extraer,_,_,VERB,O
difieren,_,_,VERB,O
justo,_,_,ADJ,O
criticar,_,_,VERB,O
alabar,_,_,VERB,O
cuerpo,_,_,NOUN,O
encontrarse,_,_,NOUN,O
malos,_,_,ADJ,O
excelentes,_,_,ADJ,O
obras,_,_,NOUN,O
curadas,_,_,ADJ,O
específicos,_,_,ADJ,O
específicos,_,_,ADJ,I
opina,_,_,VERB,O
lingüista,_,_,NOUN,I
obra,_,_,NOUN,O
superior,_,_,ADJ,O
usuario,_,_,NOUN,O
distinguir,_,_,VERB,O
buenos,_,_,ADJ,O
pararía,_,_,VERB,O
detractor,_,_,NOUN,O
abarcativa,_,_,ADJ,O
útil,_,_,ADJ,O
esparcir,_,_,VERB,O
Asumir,_,_,VERB,O
Éste,_,_,PRON,B
unió,_,_,VERB,O
codirector,_,_,NOUN,O
Operator,false[32],Named Entity[32],PROPN,I
TPO,false[32],Named Entity[32],PROPN,B
telefonía,_,_,NOUN,O
telefonía,_,_,NOUN,I
autoproclama,_,_,VERB,O
telefónica,_,_,PROPN,O
ética,_,_,ADJ,O
ética,_,_,NOUN,O
cobra,_,_,VERB,O
dona,_,_,VERB,O
decide,_,_,VERB,O
compromete,_,_,VERB,O
donar,_,_,VERB,O
distinta,_,_,ADJ,O
Mucho,_,_,ADV,O
conversar,_,_,VERB,O
organismos,_,_,NOUN,O
negocio,_,_,NOUN,O
expandirá,_,_,VERB,O
mercados,_,_,NOUN,O
definidos,_,_,ADJ,O
impacta,_,_,VERB,O
habituado,_,_,ADJ,O
part-time,false,Insertion,NOUN,O
dejaré,_,_,AUX,O
Quizá,_,_,ADV,O
buenas,_,_,ADJ,O
noticias,_,_,NOUN,O
bromea,_,_,VERB,O
ligado,_,_,ADJ,I
ligado,_,_,ADJ,O
Zero,_,_,PROPN,I
negociando,_,_,VERB,O
operadoras,_,_,NOUN,O
telefónicas,_,_,ADJ,O
cargo,_,_,NOUN,O
regiones,_,_,NOUN,O
teléfonos,_,_,NOUN,O
penetración,_,_,NOUN,O
personalidades,_,_,NOUN,O
caben,_,_,VERB,O
vocero,_,_,NOUN,O
regulación,_,_,NOUN,O
Tomó,_,_,VERB,B
preponderante,_,_,ADV,O
Corte,_,_,PROPN,B
europea,_,_,PROPN,I
exigió,_,_,VERB,O
desarrolle,_,_,VERB,O
mecanismos,_,_,NOUN,O
tengan,_,_,VERB,O
olvido,_,_,NOUN,O
pedir,_,_,VERB,O
pedir,_,_,AUX,O
quite,_,_,VERB,O
peligro,_,_,NOUN,O
olvidado,_,_,VERB,O
aparentemente,_,_,ADV,O
censurar,_,_,VERB,O
cierto,_,_,ADJ,I
12.000,_,_,NUM,O
pedidos,_,_,ADJ,O
pedidos,_,_,NOUN,O
procesaría,_,_,VERB,O
Todo,_,_,PRON,B
generará,_,_,VERB,O
avanzar,_,_,VERB,O
lanzar,_,_,VERB,O
formulario,_,_,NOUN,O
retiro,_,_,NOUN,O
comité,true,Insertion,NOUN,O
externos,_,_,ADJ,O
profesores,_,_,NOUN,O
abogados,_,_,NOUN,O
civiles,_,_,ADJ,O
figuras,_,_,NOUN,O
tecnológica,_,_,ADJ,O
podamos,_,_,AUX,O
actuaremos,_,_,VERB,I
requerimientos,_,_,NOUN,I
Haremos,_,_,VERB,B
legisladores,_,_,NOUN,O
Tendrían,_,_,VERB,B
removida,_,_,VERB,O
dominio,_,_,NOUN,O
difamatoria,_,_,ADJ,O
conseguida,_,_,ADJ,O
legal,_,_,ADJ,O
viole,_,_,VERB,O
defendible,_,_,ADJ,O
diciendo,_,_,VERB,O
hablemos,_,_,VERB,O
estamos,_,_,AUX,O
hablando,_,_,VERB,O
supresión,_,_,NOUN,O
visionario,_,_,NOUN,O
liderada,_,_,ADJ,O
dispositivos,_,_,NOUN,O
móviles,_,_,ADJ,O
aplicaciones,_,_,NOUN,O
drástico,_,_,ADJ,O
interfaces,true,Insertion,NOUN,O
televisores,_,_,NOUN,O
Espero,_,_,VERB,B
desaparezcan,_,_,VERB,O
800,_,_,NUM,O
botones,_,_,NOUN,O
controles,_,_,NOUN,O
intuitivo,_,_,ADJ,O
impulsar,_,_,VERB,O
proyectos,_,_,NOUN,O
difusión,_,_,NOUN,O
Dentro,_,_,ADV,B
aumentar,_,_,VERB,I
digitalización,_,_,NOUN,O
archivos,_,_,NOUN,O
capacitación,_,_,NOUN,O
docente,_,_,ADJ,O
talleres,_,_,NOUN,O
esfuerzo,_,_,NOUN,O
promover,_,_,VERB,O
instituciones,_,_,NOUN,O
culturales,_,_,ADJ,O
íntimamente,_,_,ADV,O
democratización,_,_,NOUN,O
bibliotecas,_,_,NOUN,I
museos,_,_,NOUN,O
galerías,_,_,NOUN,O
aliados,_,_,NOUN,O
esenciales,_,_,ADJ,O
verdaderamente,_,_,ADV,O
participativa,_,_,ADJ,O
relevancia,_,_,NOUN,O
producción,_,_,NOUN,O
cultural,_,_,ADJ,O
autóctona,_,_,PROPN,O
realizó,_,_,VERB,O
Editatón,_,_,PROPN,B
Exilio,_,_,PROPN,B
sobrevivientes,_,_,NOUN,O
desarraigo,_,_,NOUN,O
posguerra,_,_,NOUN,O
evento,_,_,NOUN,I
simultáneo,_,_,NOUN,O
recuperar,_,_,VERB,O
capital,_,_,NOUN,O
exiliados,_,_,ADJ,O
españoles,_,_,ADJ,O
encontraron,_,_,VERB,O
participaron,_,_,VERB,O
