id,text,meta,annotation_approver,labels,section
6227,"'Selfies' en 3D, el arte de imprimir a tu suegra en un muñeco antiestrés",{},,"[[1, 8, 'ENG']]",technology
6247,"El brexit, bajo el microscopio",{},,"[[3, 9, 'ENG']]",technology
6266,"‘Wearables’, robots y coches del futuro: diez tecnologías del CES 2016 que debe conocer todo CIO",{},,"[[1, 10, 'ENG']]",technology
6270,Un empresario australiano le dice a la BBC que él creó el bitcoin,{},,"[[58, 65, 'ENG']]",technology
6272,Díaz Ferrán gastó 47.900 euros en restaurantes de Arturo Fernández con su tarjeta 'black',{},,"[[83, 88, 'ENG']]",economy
6287,Los otros 'techies': esta fotógrafa activista retrata el Silicon Valley más diverso,{},,"[[11, 18, 'ENG']]",technology
6289,'Crowdfunding' para financiar familias,{},,"[[1, 13, 'ENG']]",technology
6296,El abogado que defiende a Deliveroo frente a sus 'riders' fue jefe de inspectores de Trabajo en Madrid,{},,"[[50, 56, 'ENG']]",economy
6302,Más de la mitad de las 'apps' son un negocio ruinoso (tanto en Android como en iOS),{},,"[[24, 28, 'ENG']]",technology
6303,Las socimis crean un lobby en España para defender sus intereses de manera conjunta,{},,"[[21, 26, 'ENG']]",economy
6341,"Oristrell ficha al 'Rancio' de ""La que se avecina"" para una serie de TV online",{},,"[[72, 78, 'ENG']]",tv
6351,"La burbuja de los 'wearables', de tu muñeca al cajón del olvido",{},,"[[19, 28, 'ENG']]",technology
6352,¿Cuánto oro hay en tu móvil? Descubre los valiosos materiales que se esconden en tu 'smartphone',{},,"[[85, 95, 'ENG']]",technology
6371,Londres se tambalea como sede de las 'fintech' por el Brexit,{},,"[[38, 45, 'ENG']]",economy
6384,"Estrellas, corazones y aplausos: los símbolos del negocio del 'like' en internet",{},,"[[63, 67, 'ENG']]",technology
6414,Pesadilla en Moncloa street,{},,"[[21, 27, 'ENG']]",opinion
6449,La Lista Robinson: haciendo naufragar al 'spam' publicitario desde hace 25 años,{},,"[[42, 46, 'ENG']]",technology
6461,Los 'surfers' de Yahoo: cómo unos libreros conquistaron el Salvaje Oeste de internet,{},,"[[5, 12, 'ENG']]",technology
6484,Dos emails negaron problemas en Bankia-BFA justo antes de su nacionalización,{},,"[[4, 10, 'ENG']]",economy
6485,Salud y ecología: estas son las ‘startups’ españolas más prometedoras de Europa,{},,"[[33, 41, 'ENG']]",technology
6502,El BCE avisa del riesgo de los CLO: un producto que mueven los fondos similar a las subprime que causaron la crisis de 2008,{},admin,"[[84, 92, 'ENG']]",economy
6512,'Crowdfunding' erótico: los secretos (confesables) de una web que ofrece recompensas picantes,{},,"[[1, 13, 'ENG']]",technology
6547,"""Ella siempre protege el reality"": nuevo tráiler de la 3ª de UnReal",{},,"[[25, 32, 'ENG']]",tv
6554,"Este ""polígrafo"" no miente: tu 'app' está mal diseñada porque ignoraste al usuario",{},,"[[32, 35, 'ENG']]",technology
6557,¿Te apetece comer algo fresco? Prepara esta ensalada de aguacate y tomate cherry con vinagreta de mostaza,{},,"[[74, 80, 'ENG']]",lifestyle
6558,El 'crowdlending' entra en escena: qué es y cómo se monta una plataforma de préstamos participativos,{},,"[[4, 16, 'ENG']]",economy
6567,Manual de 'compliance' para rijosos,{},,"[[11, 21, 'ENG']]",opinion
6589,La Agencia Tributaria lanza una app para hacer la declaración de la renta este año,{},,"[[32, 35, 'ENG']]",economy
6598,Productor y víctimas de 'The Walking Dead' hablan tras la resolución del cliffhanger,{},,"[[73, 84, 'ENG']]",tv
6615,"El tsunami en Japón otorga récords del curso a Ana Blanco, Manu Carreño y canal 24H",{},,"[[3, 10, 'OTHER']]",tv
6618,"Quiero dejar el plástico, pero no puedo: el tortuoso caso de los 'reyes' del tupper a domicilio",{},,"[[77, 83, 'ENG']]",economy
6665,Rosalía paraliza Madrid con un concierto que la consagra como la diva del pop 'millennial',{},,"[[79, 89, 'ENG']]",music
6685,"El España-USA (45%), partido de basket más visto de la historia, y la gala de clausura (30%) de los JJOO barren en TVE",{},,"[[32, 38, 'ENG']]",tv
6690,La sentencia del procés nos condena a la España eterna,{},,"[[17, 23, 'OTHER']]",opinion
6711,Diez proyectos alucinantes que demuestran el poder del ‘big data’,{},,"[[56, 64, 'ENG']]",technology
6714,"Volkswagen cierra acuerdo con franquicias en EEUU por el ""dieselgate""",{},admin,"[[58, 68, 'ENG']]",economy
6734,Barricadas incendiadas con senyeras y rojigualdas,{},,"[[27, 35, 'OTHER']]",opinion
6747,"Las apps para aprender idiomas, ¿dan resultado?",{},,"[[4, 8, 'ENG']]",lifestyle
6760,El 'streaming' impulsa el mayor crecimiento de la industria musical en 20 años,{},,"[[4, 13, 'ENG']]",music
6793,Ciudades fantasma: un nuevo 'software' elimina a los mortales de las cámaras de vigilancia,{},,"[[29, 37, 'ENG']]",technology
6795,La première de 'Ocho apellidos catalanes' destaca en el access de Divinity,{},,"[[3, 11, 'OTHER']]",tv
6797,TVE ficha a Patricia Gaztañaga para presentar el reality 'Cuestión de tiempo' en La 1,{},,"[[49, 56, 'ENG']]",tv
6848,"Estimada Ada, queridos 'comuns'",{},,"[[24, 30, 'OTHER']]",opinion
6853,La firma de lobby Kreab contrata al ex secretario de Estado de Hacienda Miguel Ferre,{},,"[[12, 17, 'ENG']]",economy
6871,Descubre el congreso de hackers que destruirá tu fe en las infraestructuras que usas cada día,{},,"[[24, 31, 'ENG']]",technology
6875,¿Larga vida al heavy metal?,{},,"[[15, 26, 'ENG']]",music
6881,El español que ayuda a las 'startups' del espacio a conseguir dinero para despegar,{},,"[[28, 36, 'ENG']]",technology
6897,“No soy una 'booth babe'”: reivindicando a la mujer en las ferias tecnológicas,{},,"[[13, 23, 'ENG']]",technology
6923,Así se montan las redes de 'bots' que avergüenzan a los políticos en Twitter (cuando les pillan),{},,"[[28, 32, 'ENG']]",technology
6930,El ranking de los más ricos de la Administración española,{},,"[[3, 10, 'ENG']]",economy
6937,Centro Criptológico del CNI detecta debilidades en la app Tsunami Democràtic,{},,"[[54, 57, 'ENG']]",technology
6949,El lobby del juego online rechaza que se prohíba la publicidad del sector tras reunirse con el ministro Garzón,{},,"[[3, 8, 'ENG'], [19, 25, 'ENG']]",economy
6966,Los hackers rusos golpean de nuevo robando a la NSA información confidencial,{},,"[[4, 11, 'ENG']]",technology
6975,Los dardos envenenados del Cupido 2.0: en el amor 'online' no todo es color de rosa,{},,"[[51, 57, 'ENG']]",technology
6977,El 'spam' cumple 40 años: así se cabrearon las primeras víctimas del correo basura,{},,"[[4, 8, 'ENG']]",technology
7029,Jerez 'made in USA' y otras nueve cosas que te cabrearán si Europa firma el TTIP,{},,"[[7, 18, 'ENG']]",lifestyle
7037,"La extradición de Assange sienta un precedente catastrófico, sobre todo si eres 'freelance'",{},,"[[81, 90, 'ENG']]",opinion
7041,"El directivo que recibía asesoramiento de Pujalte dice que el político era su ""coach""",{},,"[[79, 84, 'ENG']]",economy
7044,"""Raffaella Carrá negocia su gran vuelta a TV como 'coach' de 'La Voz' en Italia""",{},,"[[51, 56, 'ENG']]",tv
7055,"Ugly food: fruta fea y deformada, pero igual de buena",{},,"[[0, 9, 'ENG']]",lifestyle
7064,"""Vuelve a sentirte grande"": la genial campaña con boxeadores de Jero García para luchar contra el bullying",{},,"[[98, 106, 'ENG']]",tv
7080,Gigante de software de Reino Unido apuesta por Brasil como mercado emergente,{},,"[[11, 19, 'ENG']]",technology
7088,Es oficial: 'Vis a Vis' tendrá un spin-off con Najwa Nimri y Maggie Civantos en Fox,{},,"[[34, 42, 'ENG']]",tv
7097,"El ex secretario de Estado Rodríguez-Ponga, procesado por las ‘black’, deja El Corte Inglés",{},,"[[63, 68, 'ENG']]",economy
7106,Miley Cyrus y Selena Gómez pelean por el topless más sexy,{},,"[[41, 48, 'ENG'], [53, 57, 'ENG']]",tv
7129,Siete diferencias (y guiños) entre la fiesta del iPhone X y la mítica 'keynote' de Jobs,{},,"[[71, 78, 'ENG']]",technology
7134,Los grandes también piden: el mayor 'crowdfunding' de la historia financiará el primer móvil Ubuntu,{},,"[[37, 49, 'ENG']]",technology
7140,Jugoso teaser de la 9ª temporada de The Walking Dead,{},,"[[7, 13, 'ENG']]",tv
7152,Geolocalización y mapas para buscar casa: ahora tu 'smartphone' es un agente inmobiliario,{},,"[[52, 62, 'ENG']]",technology
7166,Cazadores de bulos: los ingenieros que tratan de ganar la guerra a las 'fake news',{},,"[[72, 81, 'ENG']]",technology
7185,"El WhatsApp de Albert Rivera, hackeado por un ataque de 'phishing'",{},,"[[57, 65, 'ENG']]",technology
7197,El Gobierno encarga al 'think tank' de la patronal que mida el impacto del TTIP para España,{},,"[[24, 34, 'ENG']]",economy
7206,"10 motivos de salud, dinero y medio ambiente para decir No a la ropa low cost",{},,"[[69, 77, 'ENG']]",lifestyle
7214,Hemos sacado dinero del DIA con la app de ING y te explicamos cómo hacerlo paso a paso,{},,"[[35, 38, 'ENG']]",economy
7217,"Islas Vírgenes, Bahamas, Jersey… el entramado offshore tras la promotora del mayor rascacielos de Valencia",{},,"[[46, 54, 'ENG']]",economy
7218,Making of de 'El Príncipe',{},,"[[0, 9, 'ENG']]",tv
7229,Antena 3 planea relanzar 'The X Factor' en España como su nuevo talent estelar,{},,"[[64, 70, 'ENG']]",tv
7236,"MTV presenta el nuevo curso con ""Gandía Shore"" y el reality de Snooki y Jwoww como platos fuertes",{},,"[[52, 59, 'ENG']]",tv
7254,Prepara en un santiamén esta mousse vegana de chocolate para cuatro personas,{},,"[[29, 35, 'OTHER']]",lifestyle
7263,"Surf, skate, mountain bike... Un sensor todoterreno para los más aventureros",{},,"[[13, 26, 'ENG'], [6, 11, 'ENG']]",technology
7269,"The Pirate Bay, una década evitando el abordaje del 'lobby' antipiratería",{},,"[[53, 58, 'ENG']]",technology
7273,La detención de Nacho Vidal provoca un Trending Topic y cascada de humor erótico en Twitter,{},,"[[39, 53, 'ENG']]",tv
7274,Identifican a un reportero freelance como uno de los terroristas de Bruselas,{},,"[[27, 36, 'ENG']]",tv
7293,Cómo Twitch y las televisiones se han convertido en salvavidas de ‘youtubers’,{},,"[[67, 76, 'ENG']]",technology
7319,"Por tercer año consecutivo, la mejor app de banca móvil es española",{},,"[[37, 40, 'ENG']]",lifestyle
7331,El Gobierno cede a las presiones del lobby hotelero y pone trabas al alquiler vacacional,{},,"[[37, 42, 'ENG']]",economy
7385,"Casas pasivas, ¿tendencia sostenible o marketing inmobiliario?",{},,"[[39, 48, 'ENG']]",lifestyle
7401,Se necesitan (urgentemente) desarrolladores y 'data scientists',{},,"[[47, 62, 'ENG']]",technology
7412,"Luces, cámara... ¡Y 'start'! Partidas de cine y juegos para disfrutar con palomitas",{},,"[[21, 26, 'ENG']]",technology
7436,"Pablo Motos (16%) y Pedro Piqueras (15%), dos ganadores de la 'reentré' televisiva",{},admin,"[[63, 70, 'OTHER']]",tv
7439,Empieza el Black Friday: seis cosas que pensar antes de pagar por un chollo,{},,"[[11, 23, 'ENG']]",lifestyle
7448,La Lotería de Navidad estrena su tradicional spot,{},,"[[45, 49, 'ENG']]",tv
7450,VÍDEO: La Zona de Movistar lanza un nuevo teaser,{},,"[[42, 48, 'ENG']]",tv
7472,Batch cooking y real fooding: cómo usar Instagram para comer más sano,{},,"[[16, 28, 'ENG'], [0, 13, 'ENG']]",lifestyle
7475,¿Te acuerdas de los videojuegos de reloj? Lo 'retro' vuelve con los 'smartwatches',{},,"[[69, 81, 'ENG']]",technology
7482,"La 'app' que enseña mates a tus hijos: ""El profesor como líder no va a desaparecer""",{},,"[[4, 7, 'ENG']]",technology
7484,"El 'youtuber' que destripa los combates de 'Juego de Tronos': ""Son bastante malos""",{},,"[[4, 12, 'ENG']]",technology
7488,Ensalada 'asian fusion' de col y camarones para cuatro personas,{},,"[[10, 22, 'ENG']]",lifestyle
7490,"El 'metal' es para siempre (ratas, cucarachas y Lemmy Motörhead)",{},,"[[4, 9, 'ENG']]",music
7496,"Cómete las especies invasoras de tu ciudad: la idea de una start-up berlinesa para combatir las ""plagas""",{},,"[[59, 67, 'ENG']]",economy
7507,"Varios hospitales británicos, víctimas también de un ataque a gran escala de 'ransomware'",{},,"[[78, 88, 'ENG']]",technology
7519,"En la peculiar familia de los 'chatbots' hay psicólogos, policías y muchas jovencitas de silicio",{},,"[[31, 39, 'ENG']]",technology
7534,"""Los grandes bancos pueden copiar las ideas de las 'fintech' pero no aplicarlas en su organización""",{},,"[[52, 59, 'ENG']]",economy
7536,Cuando Barcelona era una fiesta (y Valencia era su 'after'),{},,"[[52, 57, 'ENG']]",music
7547,La explosiva 'top model' italiana que ficha por las sobremesas de laSexta,{},,"[[14, 23, 'ENG']]",tv
7550,"El AVE ""low cost"" de Renfe se llamará AVLO y empezará el 6 de abril en el trayecto Barcelona–Zaragoza–Madrid",{},,"[[8, 16, 'ENG']]",economy
7571,El acuerdo de brexit prolonga la incertidumbre de los científicos españoles,{},,"[[14, 20, 'ENG']]",technology
7623,Un youtuber alcanza los 300 vídeos en los que simplemente se sienta y sonríe en silencio durante horas,{},,"[[3, 11, 'ENG']]",technology
7632,"La Masterclass de David Simon con su fascinante visión de la TV y el ""peor error""",{},,"[[3, 14, 'ENG']]",tv
7648,Facebook (también) dio acceso a tus datos personales a casi todos los fabricantes de smartphones,{},,"[[85, 96, 'ENG']]",technology
7666,"TVE ""Conecta España"" desde el aire en su nuevo docushow",{},admin,"[[47, 55, 'ENG']]",tv
7671,Así redacta un lobby una enmienda a un eurodiputado para rebajar las exigencias contra la contaminación,{},,"[[15, 20, 'ENG']]",economy
7741,"De Pedrerol a Susi Caramelo, en el anuncio navideño de Campofrío sobre cómo se fabrican las 'fake news'",{},,"[[93, 102, 'ENG']]",tv
7751,La playlist de temazos de eldiario.es para que lo des todo en Nochevieja,{},,"[[3, 11, 'ENG']]",music
7766,Unidos Podemos llevará al Constitucional la ley que permite a los partidos elaborar perfiles ideológicos y enviar spam electoral,{},,"[[114, 118, 'ENG']]",technology
7771,"La 1 anuncia el estreno de '22 ángeles', su nueva tv-movie de época",{},,"[[50, 58, 'ENG']]",tv
7775,Los reyes del consumo de vídeo on line en España,{},,"[[31, 38, 'ENG']]",tv
7797,Esta es la realidad que ignoras del wasabi que te sirven con el sushi,{},,"[[36, 42, 'OTHER'], [64, 69, 'OTHER']]",lifestyle
7800,Dime qué uso le vas a dar y te diré qué smartphone comprarte,{},,"[[40, 50, 'ENG']]",lifestyle
7836,"50 años de Led Zeppelin, el grupo fraguado entre 'raves' salvajes que hizo historia",{},,"[[50, 55, 'ENG']]",music
7841,Dimite el secretario general de UGT Madrid por el escándalo de las tarjetas 'black',{},,"[[77, 82, 'ENG']]",economy
7846,Un hombre y su 'bot' escriben el 10% de Wikipedia (pero no has leído nada suyo),{},,"[[16, 19, 'ENG']]",technology
7850,¿Qué programas de TV ven los 'Millennials'?,{},,"[[30, 41, 'ENG']]",tv
7901,Los Vine de los 40 se llamaban 'soundies' (y algunos eran subiditos de tono),{},,"[[32, 40, 'ENG']]",technology
7902,Nueve consejos para disfrutar Bangkok sin subirte a un 'tuk tuk',{},,"[[56, 63, 'OTHER']]",lifestyle
7920,"El CSI Gil Grissom felicitó ""en persona"" a Joel González por su oro en taekwondo",{},,"[[71, 80, 'OTHER']]",tv
7928,Sketch improvisado de La Blasa y Pepe Rodríguez en 'El Acabose',{},,"[[0, 6, 'ENG']]",tv
7955,Así juegan los fans a emparejar a los 'youtubers' (con un toque picante),{},,"[[39, 48, 'ENG']]",technology
8007,"Antena 3 compra el concurso ""Te lo mereces"", uno de los 'hits' de Mip TV",{},,"[[57, 61, 'ENG']]",tv
8020,Dignifica.me: una aplicación 'made in Spain' para denunciar las ofertas de trabajo abusivas,{},,"[[30, 43, 'ENG']]",technology
8030,'Fake news' per cápita: la media en EEUU ya sale a un bulo visto en Facebook por cada ciudadano con derecho a voto,{},,"[[1, 10, 'ENG']]",technology
8042,"En un mundo de redes sociales, las 'newsletters' se niegan a morir",{},,"[[36, 47, 'ENG']]",technology
8105,La cautivadora tienda 'online' del arte desagradable,{},,"[[23, 29, 'ENG']]",technology
8106,Telecinco se queda con “The Voice” tras el boom de los ‘talent shows’,{},,"[[43, 47, 'ENG'], [56, 68, 'ENG']]",tv
8125,De Castelldefels al espacio: un laboratorio de 'makers' hasta el infinito y más allá,{},admin,"[[48, 54, 'ENG']]",technology
8146,El gigante de los 'coworkings' WeWork ultima su salida a Bolsa tras perder dos mil millones en año y medio,{},,"[[19, 29, 'ENG']]",economy
8161,Dejemos de tirar la comida: tecnología y 'apps' para evitar un enorme desperdicio,{},,"[[42, 46, 'ENG']]",technology
8183,"Huercasa Country Festival: Remolachas, mazorcas y line dance sin subvenciones",{},admin,"[[50, 60, 'ENG']]",music
8190,El primer manual del movimiento 'maker' saldrá adelante gracias al 'crowdfunding',{},,"[[33, 38, 'ENG'], [68, 80, 'ENG']]",technology
8196,"Vídeo: Amaia interpreta el ""Teléfono"" de Aitana en el casting de Operación triunfo",{},,"[[54, 61, 'ENG']]",tv
8198,Regifting: qué hacer con los regalos de reyes y Navidad que no queremos,{},,"[[0, 9, 'ENG']]",lifestyle
8294,Los showrunners más influyentes de nuestras series revelan claves de éxito y fracaso,{},,"[[4, 15, 'ENG']]",tv
8312,Line: el refugio de los exiliados de WhatsApp quiere ser el Google de la era 'smartphone',{},,"[[78, 88, 'ENG']]",technology
8329,11 ofertas 'techies' de Black Friday que se acabarán rápido,{},,"[[12, 19, 'ENG'], [24, 36, 'ENG']]",lifestyle
8333,Sacyr renueva el consejo de Testa y desaloja a los usuarios de las 'black' Corsini y Rodríguez-Ponga,{},,"[[68, 73, 'ENG']]",economy
8337,"George Clooney rechazó reaparecer en el revival de Roseanne: ""Fue una decepción""",{},,"[[40, 47, 'ENG']]",tv
8352,Una 'startup' española batallará contra Xiaomi tras llevar a juicio a Vodafone y Huawei con una demanda millonaria,{},,"[[5, 12, 'ENG']]",economy
8375,"Carlos Boyero descubre a los Youtubers y opina: ""No tienen ni p... gracia""",{},,"[[29, 38, 'ENG']]",tv
8385,"'Outsiders', soberanistas y antisistema: la UE sitúa a Italia donde quieren Salvini y Di Maio",{},,"[[1, 10, 'ENG']]",economy
8434,"Holaluz prevé ""fusiones y cierres"" de comercializadoras eléctricas tras el boom de los últimos años",{},,"[[75, 79, 'ENG']]",economy
8453,"Censurado por ""racista"" el último spot de Ashton Kutcher",{},,"[[34, 38, 'ENG']]",tv
8475,'Blarping': búrlate de la jerga corporativa trabajando en esta irónica oficina virtual,{},,"[[1, 9, 'ENG']]",technology
8481,La plataforma de 'crowdfunding' que ha destronado a Kickstarter sin hacer ruido,{},,"[[18, 30, 'ENG']]",technology
8488,Telecinco revoluciona su prime time con la llegada de octubre,{},,"[[25, 35, 'ENG']]",tv
8496,Los 'cibercarteristas' pueden robar de tu tarjeta NFC colando un 'app' en tu Android,{},,"[[66, 69, 'ENG']]",technology
8502,Escándalo en la TV alemana por los topless contra Heidi Klum,{},,"[[35, 42, 'ENG']]",tv
8527,Este es el top 10 de sustancias que más manchan los dientes,{},,"[[11, 14, 'ENG']]",lifestyle
8536,"Sco Pa tu Manaa, por la gloria de mi madre",{},,"[[0, 15, 'OTHER']]",technology
8542,El candidato 'nerd' que quiere llegar a la Casa Blanca para salvarnos de los robots,{},,"[[14, 18, 'ENG']]",technology
8563,Se abre el telón y aparecen veinte ‘youtubers’: ¿cómo se llama la función?,{},,"[[36, 45, 'ENG']]",technology
8565,"El 5G, la Inteligencia Artificial y el Big Data prometen transformar la sociedad",{},admin,"[[39, 47, 'ENG']]",technology
8568,Las grandes cadenas se suman al pago móvil para aprovechar la fiebre española por los smartphones,{},,"[[86, 97, 'ENG']]",economy
8586,Iberia arriesga su acuerdo laboral al exigir bajadas de sueldo al personal de 'handling',{},admin,"[[79, 87, 'ENG']]",economy
8614,Spam publicitario: esta es la razón por la que la Lista Robinson no siempre nos funciona,{},,"[[0, 4, 'ENG']]",lifestyle
8623,Así es la TV-movie sobre Los 33 de Atacama de Antena 3,{},admin,"[[10, 18, 'ENG']]",tv
8657,Estanislao Rodríguez Ponga (PP) se planta ante las preguntas por sus gastos con la Black,{},,"[[83, 88, 'ENG']]",economy
8701,Ayuso ficha como nueva directora de Trabajo de Madrid a la inspectora que detectó que 500 'riders' de Deliveroo eran falsos autónomos,{},,"[[91, 97, 'ENG']]",economy
8709,Cuando un país en desarrollo subcontrata sus escuelas a una 'startup',{},,"[[61, 68, 'ENG']]",technology
8711,Una 'app' para atraerlos a todos y cobrarles después: ¿logrará Tinder ser rentable?,{},,"[[5, 8, 'ENG']]",technology
8719,"""Invierte en justicia"": un 'crowdfunding' para que David derrote a Goliat (en los tribunales)",{},,"[[28, 40, 'ENG']]",technology
8747,"STREAMING | Jornada abierta sobre bienes comunes: ""Prácticas y debates necesarios""",{},,"[[0, 9, 'ENG']]",economy
8761,Esta misteriosa sátira de la cultura 'startup' tiene en vilo a Silicon Valley,{},,"[[38, 45, 'ENG']]",technology
8778,"Bizum, TwypCash y las 'wallets': guía práctica para saber para qué sirve cada app de pago con el móvil",{},,"[[23, 30, 'ENG'], [78, 81, 'ENG']]",economy
8783,El nuevo programa futbolero de 13TV ya tiene reportera sexy,{},,"[[55, 59, 'ENG']]",tv
8784,"La histórica ""Camelot"" llega el domingo al prime time de Antena 3",{},,"[[43, 53, 'ENG']]",tv
8785,‘Boom’ de inversiones en residencias de mayores: los fondos hacen caja con el envejecimiento ante la falta de oferta pública,{},,"[[1, 5, 'ENG']]",economy
8817,La app que valora si gozas de buena salud financiera,{},,"[[3, 6, 'ENG']]",lifestyle
8919,Beatriz Luengo descubre el vídeo que mandó al casting de 'Tu cara me suena',{},,"[[46, 53, 'ENG']]",tv
8928,Miguel Blesa se libra de explicar sus gastos con las black para alivio del resto de acusados,{},,"[[53, 58, 'ENG']]",economy
8950,El exministro José Bono vende un proyecto fotovoltaico en pleno boom del sector,{},,"[[64, 68, 'ENG']]",economy
8970,"Chinos, españoles... y Kazam, un nuevo actor en el camarote de los 'smartphones' baratos",{},,"[[68, 79, 'ENG']]",technology
8989,La denuncia de una veintena de mujeres tumba a una productora de porno online que las engañó para ganar millones,{},,"[[71, 77, 'ENG']]",technology
8997,El auge de la industria de las denuncias con el caso dieselgate,{},admin,"[[53, 63, 'ENG']]",economy
9002,La empresa de inteligencia artificial de los Aznar vende una falsa alianza con la única agencia española de rating,{},,"[[108, 114, 'ENG']]",economy
9005,"La TV recuerda a Carlos Larrañaga: ""Siempre nos quedará su sonrisa de dandy""",{},,"[[70, 75, 'ENG']]",tv
9016,"Máximo de ""Un país para comérselo"", que arrasa en Euskadi con el 'crossover' de Arguiñano",{},,"[[66, 75, 'ENG']]",tv
9021,"""Que 'La Nube' de La 2 sea Trending Topic en Twitter demuestra que la red se come la TV""",{},,"[[27, 41, 'ENG']]",tv
9031,"Hola, soy Hacienda, ¿hace usted apuestas online?",{},,"[[41, 47, 'ENG']]",economy
9062,2.000 productos y hasta un 60% de descuento: PcComponenes se prepara para un Black Friday de récord,{},,"[[77, 89, 'ENG']]",lifestyle
9064,Del emoticono de Lincoln al ASCII Art: un paseo por la historia del 'arte tecnológico',{},admin,"[[28, 37, 'ENG']]",technology
9085,"Acusan a Jaime Botín de evadir 1,3 millones en impuestos con la compra de dos 'jets' privados",{},,"[[79, 83, 'ENG']]",economy
9093,"La app de Bolsa para milenials que quema media plantilla antes de salir: ""Hay buen ambiente, jugamos a los dardos""",{},admin,"[[3, 6, 'ENG']]",economy
9109,"La inteligencia artificial ofrece mayor interacción entre ""gamer"" y ordenador",{},,"[[59, 64, 'ENG']]",technology
9123,"Ewan Mcgregor, irreconocible, en el primer teaser del regreso de 'Fargo'",{},,"[[43, 49, 'ENG']]",tv
9161,¿Qué tienen en común los bebés y el 'hardware' libre? Una financiación de todos y para todos,{},,"[[37, 45, 'ENG']]",technology
9176,Diez consejos para resistir el aluvión navideño de compras 'online',{},,"[[60, 66, 'ENG']]",technology
9180,"Telecinco congela ""Acorralados"" para ahorrar y renuncia a un gran 'reality' este otoño",{},,"[[67, 74, 'ENG']]",tv
9183,Volkswagen reconoce que ha vendido 11 millones de vehículos con el software de emisiones trucado,{},,"[[67, 75, 'ENG']]",economy
9214,"Dos años después del 'boom' de Ello: ""No me interesa vencer a Facebook""",{},,"[[22, 26, 'ENG']]",technology
9233,"Chvrches, discurso feminista con vocación 'mainstream'",{},,"[[43, 53, 'ENG']]",music
9265,"Cabify, Uber, y Blablacar: por qué les odian los lobbies del transporte tradicional",{},,"[[49, 56, 'ENG']]",economy
9266,Sónar y su hervidero electrónico (I): un combo a cuatro beats,{},,"[[56, 61, 'ENG']]",music
9282,Los 'Power Rangers' estrenan el primer tráiler de su 'reboot',{},,"[[54, 60, 'ENG']]",tv
9286,Los sindicatos retoman mañana la huelga en Amazon tras los paros del Black Friday,{},,"[[69, 81, 'ENG']]",economy
9294,¿Quieres sorprender con un postre diferente? Esta es la receta de la Crème Brûlée de maracuyá,{},,"[[69, 81, 'OTHER']]",lifestyle
9299,11 oportunidades 'techie' por tiempo limitado,{},,"[[18, 24, 'ENG']]",lifestyle
9312,Davos cumple su misión de costumbre: debatir sobre cambios pero para mantener el 'statu quo' económico,{},,"[[82, 91, 'OTHER']]",economy
9313,"El mayor lobby turístico del mundo, ante el cambio climático: ""Va a haber muchísimos destinos impactados""",{},,"[[9, 14, 'ENG']]",economy
9328,Agit-prop de una derecha desnortada y peligrosa,{},,"[[0, 9, 'OTHER']]",opinion
9332,"""El Congreso está a oscuras: megatrón, flash y rulas""",{},,"[[39, 44, 'ENG']]",music
9369,"Google y Apple bloquean la descarga de la app ToTok, acusada de ser una herramienta de espionaje de Emiratos Árabes Unidos",{},admin,"[[42, 45, 'ENG']]",technology
9386,La mitad de los acusados de las black ya han declarado: qué sabemos por los interrogatorios,{},,"[[32, 37, 'ENG']]",economy
9391,"Cuando llegue la era de los 'bots', ¿podrá hacerse todo desde WhatsApp?",{},,"[[29, 33, 'ENG']]",technology
9403,El boom fotovoltaico llega a la Comunidad de Madrid con dos grandes parques de 300 MW al sur de la región,{},,"[[3, 7, 'ENG']]",economy
9414,"'Ok Boomer', la expresión irónica contra el paternalismo que va más allá de lo generacional",{},,"[[1, 10, 'ENG']]",technology
9415,"Estrellas de TV, junto a Brad Pitt en Madrid por la première de 'Aliados'",{},,"[[52, 60, 'OTHER']]",tv
9417,Una empresa hace negocio en Alemania recuperando dinero perdido por jugadores en casinos 'online' ilegales,{},admin,"[[90, 96, 'ENG']]",economy
9475,"'Crackòvia', único programa autonómico que lidera el prime time, con la parodia de Guardiola en Nueva York",{},,"[[53, 63, 'ENG']]",tv
9477,'Xtreme': la próxima moda culinaria para amantes de la carne,{},,"[[1, 7, 'ENG']]",lifestyle
9506,Cómo ganar 8.000 euros en un mes vendiendo excrementos de caballo 'online',{},,"[[67, 73, 'ENG']]",technology
9508,Google lanza un acelerador para start-ups comprometidas con la sostenibilidad,{},,"[[32, 41, 'ENG']]",technology
9524,"Mediaset pone toda su maquinaria al servicio de las Motos: así será la cobertura en magacines, realities e Informativos",{},,"[[95, 104, 'ENG']]",tv
9526,"Exceso de TVE con el retraso del prime time, que provoca rechazo",{},,"[[33, 43, 'ENG']]",tv
9546,El videoclip de reggaeton que ha indignado a la Red por su mensaje machista,{},,"[[16, 25, 'ENG']]",music
9557,Una jueza imputa a Jaime Botín por defraudar un millón a Hacienda con la compra de un jet privado,{},admin,"[[86, 89, 'ENG']]",economy
9578,Juicio a una era: las tarjetas black,{},,"[[31, 36, 'ENG']]",economy
9579,Alfred cedió el testigo eurovisivo a Miki con una actuación a dúo en la apertura de la Pre-Party española,{},,"[[87, 96, 'ENG']]",tv
9588,La 'kiss cam' de Leo DiCaprio y Maggie Smith en los Bafta,{},,"[[4, 12, 'ENG']]",tv
9611,Atrévete a hacer estos crujientes y deliciosos chips de col rizada Kale,{},,"[[67, 71, 'ENG'], [47, 52, 'ENG']]",lifestyle
9652,Guerra en el mueble 'low cost': unos valencianos compran una empresa catalana para desmontarla y cientos de clientes se quedan tirados,{},,"[[21, 29, 'ENG']]",economy
9668,La playlist de eldiario.es para montar tu propio Orgullo LGTBI+,{},,"[[3, 11, 'ENG']]",music
9676,El Gobierno propone una regulación para el crowdfunding que puede frenar su crecimiento,{},,"[[43, 55, 'ENG']]",economy
9685,Teaser del 2º spin-off de 'The Walking Dead': aún sin título pero con estos 5 protagonistas,{},,"[[14, 22, 'ENG'], [0, 6, 'ENG']]",tv
9688,"Sexo, 'startups' e inversión: así de duro es emprender en el sector erótico",{},,"[[7, 15, 'ENG']]",technology
9693,Este software juzga a las personas según sus rasgos faciales,{},,"[[5, 13, 'ENG']]",technology
9714,Jerry Seinfeld se pone al volante de una nueva webserie con Ricky Gervais y Alec Baldwin,{},,"[[47, 55, 'ENG']]",tv
9719,El ocaso del viejo microondas: la amenaza 'smart' se cierne sobre los hogares,{},,"[[43, 48, 'ENG']]",technology
9730,Fran Rivera empeora con su traslado al late night del domingo en Canal Sur,{},,"[[39, 49, 'ENG']]",tv
9735,Spam electoral: así acabó aprobándose la ley que ningún partido criticó hasta que fue demasiado tarde,{},,"[[0, 4, 'ENG']]",technology
9757,Beagle Bros: los pioneros guasones que vendían 'software' para Apple en los 80,{},,"[[48, 56, 'ENG']]",technology
9793,De violinistas a jefas de Facebook: así son los amantes españoles de las 'hackathons',{},,"[[74, 84, 'ENG']]",technology
9794,"Así ""satura"" Volkswagen la justicia alemana para evitar pagar más por el dieselgate",{},admin,"[[73, 83, 'ENG']]",economy
9798,Las mejores ofertas de Amazon para el Black Friday 2017,{},,"[[38, 50, 'ENG']]",lifestyle
9841,"Renfe pone a la venta 10.000 billetes del Ave ""low cost"" a 5 euros a partir del lunes",{},,"[[47, 55, 'ENG']]",economy
9878,"Un popular participante de un reality británico, apuñalado en Marbella",{},,"[[30, 37, 'ENG']]",tv
9899,"""Deepfake"", una forma de suplantación que crecerá rápidamente",{},,"[[1, 9, 'ENG']]",technology
9920,"South Park pide ser ""cancelada"" en el teaser de su 22ª temporada",{},,"[[38, 44, 'ENG']]",tv
9929,"Hacienda controlará las fintech, el comercio electrónico y las criptomonedas en la lucha contra el fraude",{},,"[[24, 31, 'ENG']]",economy
9931,"El 'lobby' fundado por Cristóbal Montoro y denunciado por Anticorrupción, refugio para afines del PP",{},,"[[4, 9, 'ENG']]",economy
9946,Un fallo en Android permite que las 'apps' llamen sin que te enteres (incluso a números de pago),{},,"[[37, 41, 'ENG']]",technology
9971,¿Son altos los costes laborales en España? El 'think tank' de la CEOE cree que sí y el de las Cajas de Ahorros que no,{},,"[[47, 57, 'ENG']]",economy
9973,"El grupo de heavy 'Stravaganzza', ""indignado"" con 'La Voz'",{},,"[[12, 17, 'ENG']]",tv
9978,"laSexta3, Clan y Nitro dan ""El golpe"" con su cine en el prime time dominical",{},,"[[56, 66, 'ENG']]",tv
9982,Renfe readmite a un exdirigente del PSOE en Madrid condenado por las tarjetas black,{},,"[[78, 83, 'ENG']]",economy
9996,La Audiencia Nacional impone la multa más alta hasta ahora por incumplir un plan de igualdad a una empresa de contact center,{},,"[[110, 124, 'ENG']]",economy
10028,"De la 'manovra' al 'biscotto': el apaño de Bruselas y Roma para sacar adelante los presupuestos italianos ante ""el avance de nacionalistas y populistas""",{},,"[[7, 14, 'OTHER'], [20, 28, 'OTHER']]",economy
10072,Armageddon climático,{},,"[[0, 10, 'OTHER']]",opinion
10091,"Los sectores financiero y de servicios de Panamá atraen a ""hackers""",{},,"[[59, 66, 'ENG']]",technology
10105,"Nuevas fotos de 'La verdad', la serie thriller de Telecinco con Lydia Bosch",{},,"[[38, 46, 'ENG']]",tv
10113,¿Sabes quién introdujo el juego online en Estados Unidos? ¡Bingo! La primera Nintendo,{},,"[[32, 38, 'ENG']]",technology
10134,Una playlist republicana,{},,"[[4, 12, 'ENG']]",music
10136,Humor con fecha de caducidad: elRellano y sus 16 años de 'wins' y 'fails' en español,{},,"[[58, 62, 'ENG'], [67, 72, 'ENG']]",technology
10181,"El 75% de los extremeños usa internet a diario, y la mitad de ellos hace compras online",{},,"[[81, 87, 'ENG']]",economy
10185,Deliveroo pierde el macrojuicio sobre sus 'riders': son trabajadores de empresa y operaban como falsos autónomos,{},,"[[43, 49, 'ENG']]",economy
10223,Los 'dirty dozen': la nueva leyenda urbana de la comida orgánica,{},,"[[5, 16, 'ENG']]",lifestyle
10225,"""El TTIP proviene del deseo de los lobbies, no de los pueblos""",{},,"[[35, 42, 'ENG']]",economy
10239,Black Week: así será la semana de ofertas tecnológicas de PcComponentes,{},,"[[0, 10, 'ENG']]",lifestyle
10242,2.000 productos y hasta un 60% de descuento: así será la Black Week de PcComponentes,{},,"[[57, 67, 'ENG']]",lifestyle
10246,"Un ""Búnker"" escuela en la nueva sitcom que prepara Telecinco",{},,"[[32, 38, 'ENG']]",tv
10269,'Barrio Sésamo' planta cara a Obama y pide la retirada de un spot que usa a la Gallina Caponata,{},,"[[61, 65, 'ENG']]",tv
10275,Iranzo dimite como consejero del CES y Red Eléctrica estudia su caso por las tarjetas 'black',{},,"[[87, 92, 'ENG']]",economy
10277,El lobby de Airbnb presiona con fuerza en Bruselas para vetar las iniciativas regulatorias de las ciudades,{},admin,"[[3, 8, 'ENG']]",economy
10287,¿Es el 'confort gel' un timo?,{},,"[[8, 19, 'ENG']]",lifestyle
10288,"El caso Ruth y José da récord al ""Gran Debate"" pero Antena 3 gana el prime time",{},,"[[69, 79, 'ENG']]",tv
10294,"El eurodiputado cazado negociando con un lobby para modificar una ley, nuevo presidente del banco público ICO",{},,"[[41, 46, 'ENG']]",economy
10317,Ven a través de tus ojos: dos investigadores desarrollan el primer 'spyware' para Google Glass,{},,"[[68, 75, 'ENG']]",technology
10334,"María Castro, de ""Tierra de Lobos"", pillada en 'topless' en la playa",{},,"[[48, 55, 'ENG']]",tv
10350,"Bad Gyal, la cantante que está revolucionando el trap con sus letras feministas",{},admin,"[[49, 53, 'ENG']]",music
10380,Los gadgets en el puesto del trabajo: del BYOD al WYOD,{},,"[[4, 11, 'ENG']]",technology
10408,"Facebook Messenger, Slack, Google Allo... Así pueden ayudar los 'bots' a tu empresa",{},,"[[65, 69, 'ENG']]",technology
10425,"""Los Kennedy tiene el cóctel infalible de sexo, poder y glamour... pero falla en su capacidad de sorprender""",{},,"[[56, 63, 'ENG']]",tv
10436,'Neurogaming': cuando el mando es tu cerebro y las videoconsolas leen la mente,{},,"[[1, 12, 'ENG']]",technology
10441,Crossover de 'El Príncipe' con 'El Comisario' en la recta final de la serie,{},admin,"[[0, 9, 'ENG']]",tv
10448,"El Parlamento Europeo, alarmado por la ley española del spam electoral: “No encaja en el Reglamento de Protección de Datos”",{},,"[[56, 60, 'ENG']]",technology
10454,La Constitución escrita con 'emojis': el reto de hacer leyes que se entiendan,{},,"[[29, 35, 'OTHER']]",technology
10460,El blockchain del PP y la inteligencia artificial del PSOE: los guiños más 'geeks' en los programas electorales,{},,"[[3, 13, 'ENG'], [76, 81, 'ENG']]",technology
10469,De programar con 14 años en un viejo Nokia a trabajar en una 'startup' del MIT,{},,"[[62, 69, 'ENG']]",technology
10478,Nace una app que facilita a las personas ciegas el acceso a los cajeros,{},,"[[9, 12, 'ENG']]",lifestyle
10500,Ramos y Nadal se mienten en el nuevo spot de Movistar+,{},,"[[37, 41, 'ENG']]",tv
10512,"Bring Me The Horizon, la mutación del 'metalcore' al pop de estadios",{},,"[[39, 48, 'ENG']]",music
10538,La primera orquesta 'wearable' del mundo es española (y suena bailando),{},,"[[21, 29, 'ENG']]",technology
10543,"Primer 'topless' de Noemí, la concursante más controvertida de ""Gran Hermano""",{},,"[[8, 15, 'ENG']]",tv
10567,"Telecinco prepara su proyecto más ambicioso: el primer biopic de ""El Rey""",{},,"[[55, 61, 'ENG']]",tv
10568,Secretos y curiosidades de 'Velvet': castings a los 'protas' y locura de fans,{},,"[[37, 45, 'ENG']]",tv
10593,"El email que desmiente la autonomía de los 'riders' de Glovo: ""De proceder con estas actitudes, se cesará la colaboración""",{},,"[[44, 50, 'ENG']]",economy
10607,"Estanislao Rodríguez Ponga y Antonio Rey son los primeros en entrar en prisión por las tarjetas ""black""",{},,"[[97, 102, 'ENG']]",economy
10617,HSBC es el quinto banco en el ranking suizo de gestión de patrimonios de millonarios,{},,"[[30, 37, 'ENG']]",economy
10622,Samuel L. Jackson debuta como creador de un reality VIP,{},,"[[44, 51, 'ENG']]",tv
10633,"Tú a Harvard, y yo también: dos 'startups' españolas se van a 'hacer las Ámericas'",{},,"[[33, 41, 'ENG']]",technology
10638,Los jugadores españoles de póquer online esconden sus ases en mangas extranjeras,{},,"[[34, 40, 'ENG']]",technology
10655,El 'big data' y el Candy Crush: moldeando el juego perfecto a base de analíticas,{},,"[[4, 12, 'ENG']]",technology
10684,Slack y la ciberseguridad: cuando los compromisos de tu empresa están en manos de una 'startup',{},,"[[87, 94, 'ENG']]",technology
10695,¿Por qué BBVA tiene la mejor app de banca móvil de Europa?,{},,"[[29, 32, 'ENG']]",lifestyle
10705,De las pantallas al tablero: juegos de mesa para 'gamers' y fanáticos de la tecnología,{},,"[[50, 56, 'ENG']]",technology
10714,TVE finaliza el rodaje de la tv-movie sobre Vicente Ferrer,{},,"[[29, 37, 'ENG']]",tv
10723,"Visa adquiere la ""startup"" financiera Plaid por 5.300 millones de dólares",{},,"[[18, 25, 'ENG']]",technology
10731,Más allá del mainstream: 10 festivales electrónicos para eclécticos incombustibles,{},admin,"[[13, 23, 'ENG']]",music
10738,Elegidas las tres actrices que interpretarán a 'La Veneno' en el biopic que preparan Atresmedia y los Javis,{},,"[[65, 71, 'ENG']]",tv
10757,"Mi hijo es una 'tuitstar' de esas: ""Cuando lo lees parece que lo estás viendo""",{},,"[[16, 24, 'ENG']]",technology
10766,"Una ‘hackathon’ de proyectos absurdos contra el ""postureo"" tecnológico",{},admin,"[[5, 14, 'ENG']]",technology
10770,"GRÁFICO | Nombre a nombre, todas las condenas por las tarjetas black",{},,"[[63, 68, 'ENG']]",economy
10792,"""El trap es una nueva ola como en su momento lo fue el punk""",{},admin,"[[55, 59, 'ENG'], [4, 8, 'ENG']]",music
10799,"Firefox OS, la alianza rebelde contra el imperio de los 'smartphones'",{},,"[[57, 68, 'ENG']]",technology
10813,"Amazon, Aliexpress y El Corte Inglés, los 'marketplaces' que más facturan en España, según un estudio",{},,"[[43, 55, 'ENG']]",economy
10823,Blanca Cuesta ya rueda su propio reality a lo 'Alaska y Mario',{},,"[[33, 40, 'ENG']]",tv
10847,"Lola Market, la app que te hace la compra con 'shoppers' subcontratados para evitar el ""lío"" laboral de Deliveroo",{},,"[[16, 19, 'ENG'], [47, 55, 'ENG']]",economy
10857,Goyo Jiménez vuelve a TV con un programa en el prime time de La 2,{},admin,"[[47, 57, 'ENG']]",tv
10866,La trampa de las apps de reparto: ¿estarías dispuesto a pagar más a cambio de mejorar las condiciones de los 'riders'?,{},,"[[17, 21, 'ENG'], [110, 116, 'ENG']]",economy
10885,El ‘boom’ de la transparencia: ¿un fenómeno electoralista y pasajero?,{},,"[[4, 8, 'ENG']]",technology
10886,"""Sexo inofensivo con casting básico y las formas de penes y vaginas de primera lección""",{},,"[[21, 28, 'ENG']]",tv
10896,Los bicimensajeros de Deliveroo o Glovo resucitan el 'walkie-talkie' en una 'app',{},,"[[54, 67, 'ENG'], [77, 80, 'ENG']]",technology
10900,Anatomía del 'phishing': así clonan la web de Hacienda o de tu banco para robarte,{},,"[[14, 22, 'ENG']]",technology
10905,"Riders, estibadores y trabajadoras de Inditex: éxitos de las luchas laborales de 2017 y frentes abiertos este año",{},,"[[0, 6, 'ENG']]",economy
10927,CCOO se lanza a la calle en Madrid para ofrecer asesoramiento a los 'riders' frente a los abusos laborales,{},,"[[69, 75, 'ENG']]",economy
10937,"'El Rubius', la última víctima de los hackers de Mark Zuckerberg",{},,"[[38, 45, 'ENG']]",tv
10938,Upfronts 2012: Las últimas series americanas salvadas o canceladas,{},,"[[0, 8, 'ENG']]",tv
10948,El juego online presiona al Gobierno para rebajar su fiscalidad,{},admin,"[[9, 15, 'ENG']]",economy
10950,La app de Atresmedia se cuela en 'Las Campos' de Telecinco,{},,"[[3, 6, 'ENG']]",tv
10976,"Los 'Hispanos' de balonmano revolucionan a Broncano en 'La Resistencia': ""Sois unos zorros y unos trolls""",{},,"[[98, 104, 'ENG']]",tv
10988,A examen: cuatro lectores de ebooks para regalar por Reyes,{},,"[[29, 35, 'ENG']]",lifestyle
11026,"Qué es y cómo funciona el 'ransomware', el ataque informático sufrido por la SER y otras empresas",{},,"[[27, 37, 'ENG']]",technology
11030,Carlos Bardem y Belén Rueda protagonizan los dos nuevos teasers de 'La Embajada',{},admin,"[[56, 63, 'ENG']]",tv
11035,El caos de las apps del taxi: más de 30 aplicaciones diferentes en las grandes ciudades,{},,"[[15, 19, 'ENG']]",economy
11049,'El cascabel' de 13tv mantiene su buen rendimiento en el prime time de las temáticas,{},admin,"[[57, 67, 'ENG']]",tv
11051,"En tiempos de la nube, los 'data centers' tienen los días contados",{},,"[[28, 40, 'ENG']]",technology
11061,"‘La que se avecina 6’: Primera promo, fin de rodaje y Trending Topic",{},admin,"[[54, 68, 'ENG']]",tv
11062,El bibliotecario más ‘techie’ de España está en un pueblo de 7.000 habitantes,{},,"[[22, 28, 'ENG']]",technology
11069,'Se hace saber' que TVE ya tiene 'troupe' de cómicos para su nuevo viernes noche,{},,"[[34, 40, 'OTHER']]",tv
11084,Rascacielos que parecen de Star Trek y otros peculiares 'data centers' del futuro,{},,"[[57, 69, 'ENG']]",technology
11090,"Paulina Rubio, Pablo López, Antonio Orozco y David Bisbal, coaches de ""La Voz Senior""",{},admin,"[[59, 66, 'ENG']]",tv
11108,Los esfuerzos de Bruselas por hacer más transparentes las reuniones con los 'lobbies' se atascan,{},,"[[77, 84, 'ENG']]",economy
11176,"Antena 3, lista para ""Comer, beber y amar"" en el late night del martes",{},,"[[49, 59, 'ENG']]",tv
11189,Vender 'online' y no morir en el intento: los secretos para enfrentarse a Amazon,{},,"[[8, 14, 'ENG']]",technology
11195,"Si en el referéndum catalán hay voto 'online', ¿podría manipularse el resultado?",{},,"[[38, 44, 'ENG']]",technology
11206,Esperando la condena del procés,{},,"[[25, 31, 'OTHER']]",opinion
11230,"Jorge Blass, en el 'dream team' de magos para un nuevo talent británico",{},,"[[20, 30, 'ENG'], [55, 61, 'ENG']]",tv
11264,Los Franco hacen caja: venden a un fondo buitre de Islas Caimán el parking del hotel Meliá Princesa de Madrid,{},admin,"[[67, 74, 'ENG']]",economy
11268,"La Comisión Europea retira su último spot tras las críticas por ser ""racista e imperialista""",{},,"[[37, 41, 'ENG']]",tv
11288,Neurobic: gimnasia mental para mantener joven el cerebro,{},,"[[0, 8, 'ENG']]",lifestyle
11302,La oficina de vivienda 'fake' que cobra 190 euros por teléfonos de pisos publicados en internet,{},,"[[24, 28, 'ENG']]",economy
11304,"Primera promo del reality 'Trabajo temporal' de TVE, con Edurne y Santiago Segura",{},,"[[18, 25, 'ENG']]",tv
11306,"¡Autobots, transfórmense y avancen! Los 'Transformers', camino de hacerse realidad gracias a la agencia DARPA",{},,"[[1, 9, 'ENG']]",technology
11308,Introducción a la música clásica para hipsters III: los villanos,{},,"[[38, 46, 'ENG']]",music
11321,El presidente de Correos saca al grupo estatal de la patronal CEOE y del lobby de los empresarios,{},,"[[73, 78, 'ENG']]",economy
11322,'The Walking Dead' revela el verdadero objetivo del polémico cliffhanger,{},,"[[61, 72, 'ENG']]",tv
11343,Así funciona el mercado negro 'online' de especies en peligro de extinción,{},,"[[31, 37, 'ENG']]",technology
11348,Flooxer enseña el rodaje de su webserie con Soy una pringada,{},,"[[31, 39, 'ENG']]",tv
11357,Pasta cremosa de Pappardelle para recibir a los primeros fríos del otoño,{},,"[[17, 28, 'OTHER']]",lifestyle
11365,"¿Más techno, amigo? La nueva encrucijada de los festivales electrónicos",{},admin,"[[5, 11, 'ENG']]",music
11369,"""Vente 'pa' Alemania, Pep"": el fichaje de Guardiola por el Bayern, Trending Topic para los televisivos",{},,"[[67, 81, 'ENG']]",tv
11388,La información no es (sólo) un post de Instagram,{},,"[[31, 35, 'ENG']]",opinion
11406,"Los impactantes primeros teasers de El Continental, nueva serie de TVE y Netflix",{},,"[[25, 32, 'ENG']]",tv
11414,WhatsApp: ¿'the next big thing' en la atención al cliente y el marketing?,{},,"[[12, 30, 'ENG'], [63, 72, 'ENG']]",technology
11420,"Google, Amazon y Apple se alían para promover el 'fintech': ¿ha llegado la revolución financiera?",{},,"[[50, 57, 'ENG']]",technology
11440,Al Orgullo con la playlist de eldiario.es,{},,"[[18, 26, 'ENG']]",music
11446,"El pionero que tradujo la informática: ""Me da igual que digan 'computer', pero no que digan ordenador""",{},,"[[63, 71, 'ENG']]",technology
11451,"'Pizza Express', el archirrepetido (y eficaz) gag de Moreno desde 'Noche de fiesta'",{},,"[[46, 49, 'ENG']]",tv
11456,Makespace Madrid: dos años 'cacharreando' con impresoras 3D y 'hardware' libre,{},,"[[63, 71, 'ENG']]",technology
11479,Diferencias entre un after sun y una crema hidratante: ¿son significativas?,{},,"[[21, 30, 'ENG']]",lifestyle
11501,Berlín vive un 'boom' de empresas de alquiler de bicicletas,{},,"[[16, 20, 'ENG']]",economy
11537,"Los gastos de Rodrigo Rato con su tarjeta 'black': alcohol, bolsos, fiestas y dinero en efectivo",{},,"[[43, 48, 'ENG']]",economy
11540,Las ventas de 'smartphones' caen en China por primera vez en dos años,{},,"[[15, 26, 'ENG']]",technology
11543,"Berlín pobre, Berlín sexy: de clonar 'startups' estadounidenses al 'glamour' de los grandes inversores",{},,"[[38, 46, 'ENG'], [21, 25, 'ENG'], [68, 75, 'ENG']]",technology
11560,El indie menos mainstream se da cita en Los jueves subterráneos,{},,"[[3, 8, 'ENG'], [15, 25, 'ENG']]",music
11562,"Por qué lo llaman 'rider' si es repartidor y 'juicer' si es cargador: ""Es una forma de despersonalizar""",{},,"[[19, 24, 'ENG'], [46, 52, 'ENG']]",economy
11573,"Los cinco beneficios del go, el juego de mesa más antiguo del mundo",{},,"[[25, 27, 'OTHER']]",lifestyle
11592,Los entusiastas de los ordenadores 'vintage' que rescatan la historia de la informática,{},,"[[36, 43, 'ENG']]",technology
11614,"Laura Escanes, pareja de Risto, entrevistada en La 2 como 'youtuber' de éxito",{},,"[[59, 67, 'ENG']]",tv
11634,"Así rechazó la HBO el spin-off de 'The Wire': ""Solo queremos una serie que nadie ve en Baltimore, no dos""",{},,"[[22, 30, 'ENG']]",tv
11638,"Facebook, cada día más 'gay-friendly': añade decenas de géneros para la comunidad LGTB",{},,"[[24, 36, 'ENG']]",technology
11646,Condena al call center del Santander por despedir a 92 teleoperadores discapacitados de la Agencia Tributaria,{},,"[[11, 22, 'ENG']]",economy
11656,"'La huida', el reality de #0, hace 'borrón' en sus primeras 4 promos",{},admin,"[[15, 22, 'ENG']]",tv
11688,Calzado barefoot: ¿es mejor correr como si fuéramos descalzos?,{},,"[[8, 16, 'ENG']]",lifestyle
11691,No hagas colas por el Gordo: la lotería de Navidad está en tu ‘smartphone’,{},,"[[63, 73, 'ENG']]",technology
11705,Los 'riders' ganan: el primer fallo de un Tribunal Superior confirma que un repartidor de Glovo era falso autónomo,{},,"[[5, 11, 'ENG']]",economy
11719,"Foodies felinos: ¿qué debería comer mi gato, pienso o latas?",{},,"[[0, 7, 'ENG']]",lifestyle
11720,Audiencias TV lunes 16/10/2017: Bertín sube con Romay pero no llega a lo más alto del prime time,{},,"[[86, 96, 'ENG']]",tv
11746,Surfcamps: los mejores campamentos de verano para aprender surf,{},,"[[0, 9, 'ENG']]",lifestyle
11782,Las 'black' o cómo el periodismo puede luchar contra la corrupción,{},,"[[5, 10, 'ENG']]",economy
11794,'The Walking Dead' en FOX asalta el ranking tuitero de la TV en abierto,{},,"[[36, 43, 'ENG']]",tv
11838,Pagos 'wearables': el reloj inteligente será la tarjeta del futuro (no muy lejano),{},,"[[7, 16, 'ENG']]",technology
11848,"El día más triste del año, el  ""blue monday"", no existe",{},,"[[32, 43, 'ENG']]",technology
11854,Las empresas del Ibex se lanzan de lleno a las tareas de lobby en la UE,{},,"[[57, 62, 'ENG']]",economy
11873,Amazon rompe el suelo con una tablet de 50 dólares,{},,"[[30, 36, 'ENG']]",technology
11880,Alerta 'sexting': el 60% de los españoles ha mandado fotos en pelotas,{},,"[[8, 15, 'ENG']]",technology
11881,"La campaña de la Renta 2017 arranca con la ""app"" y el plan ""Le llamamos"" como novedades",{},,"[[44, 47, 'ENG']]",economy
11885,Los 'riders' logran en Suiza su primer convenio colectivo,{},,"[[5, 11, 'ENG']]",economy
11905,"Cuatro cierra el casting de 'Expedición Imposible' con Iván e Ismael de 'GH 1', y Leticia Sabater con Raquel Mosquera",{},,"[[17, 24, 'ENG']]",tv
11910,'Emojis' y 'stories' para darse a conocer entre los jóvenes: el Congreso se reinventa en su 150 aniversario,{},,"[[12, 19, 'ENG'], [1, 7, 'OTHER']]",technology
11936,Los diputados del Congreso usan en su escaño ordenadores de 2006 con software obsoleto y riesgos de seguridad,{},,"[[69, 77, 'ENG']]",technology
11957,Por qué no puedes cargar tu portátil vía USB como lo haces con tu móvil o tablet,{},admin,"[[74, 80, 'ENG']]",technology
11976,La receta 'startup' para trabajar sin oficina y de una punta a otra del planeta,{},,"[[11, 18, 'ENG']]",technology
11999,Cuatro falsas creencias sobre los alimentos 'light',{},,"[[45, 50, 'ENG']]",lifestyle
12027,La vida tras vender tu 'startup': primero cargas las pilas y después... ¿qué hacemos?,{},,"[[24, 31, 'ENG']]",technology
12040,El resumen de 'GH 12+1' casi dobla el prime time de laSiete en su primer día,{},,"[[38, 48, 'ENG']]",tv
12066,"21 días totalmente desnudos por la ciudad, el polémico reality de U. K.",{},,"[[55, 62, 'ENG']]",tv
12086,"'Meta', 'farming' y 'op': diccionario para no perderse hablando de juegos online",{},,"[[9, 16, 'ENG'], [21, 23, 'ENG'], [1, 5, 'ENG'], [74, 80, 'ENG']]",technology
12089,¿Cómo liga un 'hacker'? Votando a todas las chicas a la vez en Tinder,{},,"[[15, 21, 'ENG']]",technology
12117,"TVE reactiva el biopic de Vicente Ferrer con la productora de ""Cuéntame""",{},,"[[16, 22, 'ENG']]",tv
12122,Tres días entre 'hackers': el vídeo que demuestra que nadie atacó nuestros ordenadores en la Rooted CON 2014,{},,"[[17, 24, 'ENG']]",technology
12143,Ticketmaster tendrá su app de reventa entre fans para dominar aún más el negocio de los eventos,{},,"[[23, 26, 'ENG']]",economy
12146,"""Todo lo que hacemos online es una performance pública""",{},admin,"[[21, 27, 'ENG']]",music
12186,"Los nuevos negocios de la banca ya rentan: el 6% de los 1.705 millones de beneficios de CaixaBank son de vender móviles, alarmas y rentings",{},,"[[131, 139, 'ENG']]",economy
12227,Coldplay publica un disco de 'world music' para acallar su conciencia de nuevos ricos,{},,"[[30, 41, 'ENG']]",music
12242,La Organización Mundial del Turismo y Globalia presentan la primera y mayor convocatoria mundial para startups de turismo,{},admin,"[[102, 110, 'ENG']]",economy
12257,"Por qué tienes que ver 'Making a Murderer', la serie 'killer' en Estados Unidos",{},,"[[54, 60, 'ENG']]",tv
12261,"‘Speed reading’, o cómo leer Los Pilares de la Tierra en dos horas (y no enterarse de nada)",{},,"[[1, 14, 'ENG']]",technology
12271,Diez modos de practicar el trash cooking vegano en casa,{},,"[[27, 40, 'ENG']]",lifestyle
12275,UGT intenta acercarse a sus bases en pleno escándalo por las tarjetas 'black',{},,"[[71, 76, 'ENG']]",economy
12293,'Distracted Boyfriend': el español detrás del meme publica una versión feminista,{},,"[[46, 50, 'ENG']]",technology
12308,Siete beneficios de comprar juguetes de sex shop y aprovecharlos en tus relaciones,{},,"[[40, 48, 'ENG']]",lifestyle
12316,Startups españolas en manos de gigantes,{},,"[[0, 8, 'ENG']]",technology
12403,Cómo una 'app' para cotillear conquistó a los empleados de Facebook o Microsoft,{},,"[[10, 13, 'ENG']]",technology
12406,España lidera el ranking anual de denuncias ante el Banco Mundial por los recortes de Rajoy a las renovables,{},,"[[17, 24, 'ENG']]",economy
12423,¿Te apetece comer algo fresco? Prepara esta ensalada de aguacate y tomate cherry con vinagreta de mostaza,{},admin,"[[74, 80, 'ENG']]",lifestyle
12487,"Kanye West, un Jesucristo del 'showbusiness' cuyo milagro no es la creatividad",{},,"[[31, 43, 'ENG']]",music
12493,"Telecinco se suma a la moda de los concursos nocturnos: ""Pasapalabra"" al prime time del jueves",{},,"[[73, 83, 'ENG']]",tv
12501,Kombucha: ¿una bebida peligrosa?,{},,"[[0, 8, 'OTHER']]",lifestyle
12502,Los trabajadores de Amazon no se rinden: paran este Black Friday en su cuarta ronda de huelgas,{},,"[[52, 64, 'ENG']]",economy
12503,La Inspección de Trabajo en Alicante concluye que los 'riders' de Deliveroo son falsos autónomos,{},,"[[55, 61, 'ENG']]",economy
12525,14 vinos gourmet con una gran relación calidad-precio,{},,"[[9, 16, 'OTHER']]",lifestyle
12535,Tarjetas revolving: cómo salir del abismo de la deuda interminable,{},,"[[9, 18, 'ENG']]",lifestyle
12589,"Pantallas de móviles, tabletas y ebooks: ¿dañan la vista?",{},,"[[33, 39, 'ENG']]",lifestyle
12591,"El 'big data' controla nuestras vidas, pero ¿a él quién lo controla?",{},,"[[4, 12, 'ENG']]",technology
12602,Kinesiotaping: ¿funcionan las cintas de colores que llevan los deportistas?,{},,"[[0, 13, 'ENG']]",lifestyle
12615,Los móviles y relojes modulares unen sus piezas gracias al 'crowdfunding',{},,"[[60, 72, 'ENG']]",technology
12639,'Chemsex' y otras conductas sexuales de riesgo: a examen,{},,"[[1, 8, 'ENG']]",lifestyle
12652,"El plan de Elon Musk para convertirnos en 'supercyborgs', ¿ciencia ficción o un sueño posible?",{},,"[[43, 55, 'ENG']]",technology
12674,La Inspección de Trabajo da de alta en la Seguridad Social como asalariados a 'riders' de Deliveroo en Barcelona,{},,"[[79, 85, 'ENG']]",economy
12697,Diez ordenadores a los que deberías seguir la pista este Black Friday,{},,"[[57, 69, 'ENG']]",lifestyle
12706,Cinco prácticas que serán legales para los partidos en España tras la aprobación del spam electoral,{},,"[[85, 89, 'ENG']]",technology
12718,"El FMI critica el papel de las agencias de 'rating' en el sector financiero y pide ""repensar"" su modelo",{},,"[[44, 50, 'ENG']]",economy
12719,"Los lobbies industriales alemanes enturbian ""la transformación energética"" de la canciller Merkel",{},,"[[4, 11, 'ENG']]",economy
12727,Libros en formato 'app': un negocio aún ruinoso que mira hacia el futuro,{},,"[[19, 22, 'ENG']]",technology
12744,"Cuando compras regalos 'online', ¿los sellos de confianza sirven para algo?",{},,"[[24, 30, 'ENG']]",technology
12760,El Ayuntamiento pide la retirada del nombre de Gandía en el reality juvenil de MTV,{},,"[[60, 67, 'ENG']]",tv
12762,No estás sacando partido a tu flamante ‘smartphone’ (y lo sabes): aprende a exprimir el potencial de la tecnología,{},,"[[40, 50, 'ENG']]",technology
12768,Mujeres que no renuncian al sexting: estas hackers te enseñan a hacerlo de forma más segura,{},,"[[28, 35, 'ENG'], [43, 50, 'ENG']]",technology
12778,Llega la era de los 'beacons': así se colarán en las empresas en los próximos años,{},,"[[21, 28, 'ENG']]",technology
12818,La banca ética continúa su escalada con un crecimiento del 16% en 2018 y no teme el 'greenwashing' de la tradicional,{},,"[[85, 97, 'ENG']]",economy
12844,'Operación Triunfo' fija para octubre y noviembre los castings de su nueva edición,{},,"[[54, 62, 'ENG']]",tv
12870,"El Corte Inglés, el 'marketplace' con el gasto más alto por compra en España, pero Amazon es el preferido",{},,"[[21, 32, 'ENG']]",economy
12883,"Competencia multa con 91 millones a Santander, Sabadell, BBVA y CaixaBank por concertar 'swaps'",{},,"[[89, 94, 'ENG']]",economy
12899,"""Encarna Sánchez eclipsó a la Pantoja y ya pide su propio biopic en Telecinco""",{},,"[[58, 64, 'ENG']]",tv
12903,A qué se dedican los 64 condenados por el Supremo por las tarjetas black,{},,"[[67, 72, 'ENG']]",economy
12906,Podemos y Ciudadanos buscan cómo rectificar su apoyo a la ley que permitiría el spam electoral sin consentimiento,{},,"[[80, 84, 'ENG']]",technology
12943,Luz verde definitiva al remake de 'Los Misterios de Laura' en NBC,{},,"[[24, 30, 'ENG']]",tv
12962,Toma el dinero y corre: la vida después de protagonizar un 'meme',{},,"[[60, 64, 'ENG']]",technology
12966,Tres webs de 'crowdfunding' que posiblemente no conoces y seguro que te sorprenden,{},,"[[14, 26, 'ENG']]",technology
12970,Se suicida uno de los strippers del reality estadounidense 'Men of the strip',{},,"[[22, 31, 'ENG'], [36, 43, 'ENG']]",tv
12995,Coworking en casa para esquivar los altos precios inmobiliarios,{},,"[[0, 9, 'ENG']]",economy
13028,Tragaperras vestidas de videojuego: estas son las técnicas de las 'apps' para enganchar a niños y adolescentes,{},,"[[67, 71, 'ENG']]",technology
13036,Aquí se teje el futuro de la web: el instituto de 'open data' que fundó Tim Berners Lee,{},,"[[51, 60, 'ENG']]",technology
13046,Montoro recoloca a un imputado por las 'black' en el 'think tank' de Hacienda,{},,"[[40, 45, 'ENG'], [54, 64, 'ENG']]",economy
13048,"'¡Hola bebés!', el youtuber Aless Gibaja no entra finalmente en 'GH VIP'",{},,"[[19, 27, 'ENG']]",tv
13054,Cuatro se apunta al cambio radical con su coach 'El Método Osmín',{},,"[[42, 47, 'ENG']]",tv
13056,"El futuro del ""blockchain"", entre la apertura de China y las criptomonedas",{},,"[[15, 25, 'ENG']]",technology
13087,Aquí se aprende a programar poemas: la vida en una escuela de 'code poetry',{},,"[[63, 74, 'ENG']]",technology
13088,El final del roaming beneficia a las operadoras contra su pronóstico,{},,"[[13, 20, 'ENG']]",economy
13090,El procés nunca fue limpio,{},,"[[3, 9, 'OTHER']]",opinion
13143,La feria de las startups (4YFN) potencia Barcelona como capital internacional del emprendimiento,{},,"[[16, 24, 'ENG']]",technology
13149,Hay un lobby en defensa del dinero en efectivo y estos son sus argumentos,{},,"[[7, 12, 'ENG']]",economy
13155,Miel de manuka: ¿es más sana que las otras mieles?,{},,"[[8, 14, 'OTHER']]",lifestyle
13173,'Startups vintage': así se recrea el Silicon Valley de los años 80 para la televisión,{},,"[[1, 9, 'ENG'], [10, 17, 'ENG']]",technology
13179,Rinitis medicamentosa: ¿existe la adicción a los sprays nasales?,{},,"[[49, 55, 'ENG']]",lifestyle
13185,"Pegasus, el software israelí utilizado por Arabia Saudí para hackear al fundador de Amazon",{},,"[[12, 20, 'ENG']]",technology
13187,"Twitter, haters y el misterioso cambiazo de los seguidores por bots",{},,"[[9, 15, 'ENG'], [63, 67, 'ENG']]",technology
13201,El Parlamento Europeo aprueba reforzar la protección de los 'whistleblowers',{},,"[[61, 75, 'ENG']]",technology
13219,'Solarpunk': así es la ciencia ficción optimista que contrasta con 'Black Mirror',{},,"[[1, 10, 'ENG']]",technology
13220,El 'Google chino' seduce a los jóvenes con una 'app' para copiar deberes,{},,"[[48, 51, 'ENG']]",technology
13232,El negocio conspirativo de los cazaquímicos contra las 'chemtrails',{},,"[[56, 66, 'ENG']]",economy
13235,"'Killer robots': cuando los soldados son Terminator y los policías, Robocop",{},,"[[1, 14, 'ENG']]",technology
13253,Cuatro argumentos de Deliveroo que han quedado desmontados en el macrojuicio sobre sus 'riders' en Madrid,{},,"[[88, 94, 'ENG']]",economy
13257,Antena 3 hace 'Lo imposible' con Bourne y supera por sorpresa al tsunami de Telecinco,{},,"[[65, 72, 'OTHER']]",tv
13261,El ranking de lo más visto en 2011,{},,"[[3, 10, 'ENG']]",tv
13265,"El taekwondo en TVE ""patea"" pero no ""tumba"" a 'Los Kennedy' en Telecinco",{},,"[[3, 12, 'OTHER']]",tv
13267,Running excesivo: ¿cuáles son los riesgos de correr sin control?,{},,"[[0, 7, 'ENG']]",lifestyle
13272,Repartidores 2 - Glovo 2: otro juzgado concluye que un 'rider' es falso autónomo,{},,"[[56, 61, 'ENG']]",economy
13280,León Benavente: de convencer a la parroquia indie a buscar las grandes audiencias,{},admin,"[[44, 49, 'ENG']]",music
13282,"Primer teaser de El pueblo, la nueva comedia de los creadores de LQSA para Telecinco",{},,"[[7, 13, 'ENG']]",tv
13304,La escuela de negocios Esade ficha al exportavoz económico de Ciudadanos Toni Roldán para dirigir un think tank,{},,"[[101, 111, 'ENG']]",economy
13312,De la servilleta de Picasso al imperio del 'software' en los estudios de diseño,{},,"[[44, 52, 'ENG']]",technology
13314,¿Quieres tener tantos 'fanboys' como Apple? Aprende a conquistar a los demás con la filosofía de Steve Jobs,{},,"[[23, 30, 'ENG']]",technology
13318,"Un nuevo El Dorado: los españoles, a la conquista de 'smart cities' en América",{},,"[[54, 66, 'ENG']]",technology
13325,Cómo salió a la luz el escándalo de las tarjetas black,{},,"[[49, 54, 'ENG']]",economy
13331,Cuando no contestar un whatsapp del jefe es un derecho laboral,{},,"[[23, 31, 'ENG']]",economy
13349,Un juez rechaza pruebas del FBI contra una web de pedófilos por usar malware ilegal,{},,"[[69, 76, 'ENG']]",technology
13370,6 'revivals' musicales que ya están aquí (aunque tú no lo sepas),{},,"[[3, 11, 'ENG']]",music
13372,Las apuestas online disparan un 36% los inscritos en el registro de personas que piden que se les prohíba jugar,{},,"[[13, 19, 'ENG']]",economy
13377,La Agencia de Protección de Datos multa con 250.000 euros a LaLiga por la app que usa el micrófono de los móviles para cazar a los bares con fútbol ‘pirata’,{},,"[[74, 77, 'ENG']]",technology
13398,"'Espíritu Olímpico', el nuevo single con el que Los Planetas vuelven a sus 90",{},admin,"[[30, 36, 'ENG']]",music
13457,No dejes tu 'app' para mañana: la demanda de aplicaciones corporativas desbordará a la oferta en dos años,{},,"[[13, 16, 'ENG']]",technology
13458,El triunfo del lobby inmobiliario: ya hay casi 30 socimis en el parqué,{},,"[[15, 20, 'ENG']]",economy
13460,"'Ultranational Geographic', el sketch de 'Polònia' que retrata a Rivera y a Abascal como dos animales en el Congreso",{},admin,"[[31, 37, 'ENG']]",tv
13463,"El fiscal de las black en su informe final: hubo ""pillaje y rapiña""",{},,"[[17, 22, 'ENG']]",economy
13466,El Gobierno plantea que las startups tengan una figura jurídica propia por ley,{},,"[[28, 36, 'ENG']]",economy
13479,El partido España-Colombia corona el ranking del año con 6.7 millones,{},,"[[37, 44, 'ENG']]",tv
13481,"Progresivos y peligrosos: el lado más bestia del ""underground""",{},,"[[50, 61, 'ENG']]",music
13493,"El 'vaporwave', o cómo combatir el elitismo musical a base de gifs y sintetizadores",{},,"[[4, 13, 'ENG'], [62, 66, 'ENG']]",music
13503,Cómo ser youtuber: todo lo que necesitas saber para ganar dinero haciendo vídeos,{},,"[[9, 17, 'ENG']]",technology
13505,"Así será Instinto, el ""thriller erótico"" que protagonizará Mario Casas en Movistar+",{},,"[[23, 31, 'ENG']]",tv
13526,El comité de delitos fiscales de la Eurocámara pide abordar la protección de los 'whistleblowers' y el papel de las consultoras y auditoras,{},,"[[82, 96, 'ENG']]",economy
13527,Telecinco estrena la tv movie del Rey en el peor momento de la monarquía,{},,"[[21, 29, 'ENG']]",tv
13540,¿En quién podemos confiar? Descubre si tu privacidad está en peligro gracias a esta 'app',{},,"[[85, 88, 'ENG']]",technology
13551,Big Data contra la corrupción,{},,"[[0, 8, 'ENG']]",technology
13564,El demoledor resumen final del fiscal del caso de las tarjetas black,{},,"[[63, 68, 'ENG']]",economy
13578,Competencia comparte en su informe sobre el alquiler turístico en España argumentos del lobby de Airbnb en Bruselas,{},,"[[88, 93, 'ENG']]",economy
13602,Cómo comprar bitcoins de manera segura y sencilla,{},,"[[13, 21, 'ENG']]",lifestyle
13614,Helicobacter pylori; un riesgo latente que vive en nuestras entrañas,{},,"[[0, 19, 'OTHER']]",lifestyle
13635,Los 'steampunks' españoles: inventores modernos al estilo del siglo XIX,{},,"[[5, 15, 'ENG']]",technology
13654,El peligro de las dietas a base de productos light o bajos en grasas,{},,"[[45, 50, 'ENG']]",lifestyle
13656,"Sabor umami, ¿qué alimentos lo tienen?",{},,"[[6, 11, 'OTHER']]",lifestyle
13671,"""The Walking Dead"" estrena 'showrunner' para su cuarta temporada",{},,"[[28, 38, 'ENG']]",tv
13674,Antonio Velázquez 'encuentra el norte' en el nuevo thriller histórico de TVE,{},,"[[51, 59, 'ENG']]",tv
13703,¿Estoy quemado del trabajo?: claves para reconocer el síndrome 'burnout',{},,"[[64, 71, 'ENG']]",lifestyle
13743,NBC censura la clase improvisada de español de Penélope Cruz a Ellen en su show,{},,"[[75, 79, 'ENG']]",tv
13748,"La gran guerra por la música en 'streaming': Spotify, Tidal, Pandora & CIA",{},,"[[33, 42, 'ENG']]",music
13764,Las 'apps' que rompen el escudo de seguridad de Google para infectar tu móvil,{},,"[[5, 9, 'ENG']]",technology
13765,Del domingo en el 'after' ilegal a la fiesta en el parque (con tus hijos),{},,"[[19, 24, 'ENG']]",music
13772,Los 'wearables' van a la oficina: gestionando los procesos de la empresa desde la muñeca,{},,"[[5, 14, 'ENG']]",technology
13782,¿Vallés al prime time y Prats a las sobremesas en 'Antena 3 Noticias'?,{},,"[[11, 21, 'ENG']]",tv
13797,El 'Made in Germany' sufre por el extremismo político,{},,"[[4, 19, 'ENG']]",economy
13806,El Cuerpo de élite en serie que graba Antena 3 lanza su primer teaser,{},admin,"[[63, 69, 'ENG']]",tv
13811,El lobby taurino busca asustar con demandas y ataca al municipalismo,{},,"[[3, 8, 'ENG']]",opinion
13814,"Así cayó Rupert Stadler, CEO de Audi, por culpa del 'dieselgate'",{},,"[[53, 63, 'ENG']]",economy
13824,Queens Of The Stone Age obliga al Mad Cool a desmontar la zona vip en mitad de su concierto,{},admin,"[[63, 66, 'ENG']]",music
13828,"El biopic de 'La Veneno' comienza su rodaje con los fichajes de Ester Expósito, Goya Toledo, Elvira Mínguez y Paca La Piraña",{},,"[[3, 9, 'ENG']]",tv
13832,Este es el título definitivo para el spin-off de 'The Good Wife',{},,"[[37, 45, 'ENG']]",tv
13836,Introducción a la música clásica para Hipsters II: etiqueta,{},admin,"[[38, 46, 'ENG']]",music
13842,"El pasado de los coaches de 'La Voz': Malú y Melendi conducen a ritmo de ""I want to break free""",{},,"[[17, 24, 'ENG']]",tv
13845,"""Big Data"", ""IoT"", ""IA"" y buscadores  que entienden hasta la ironía",{},admin,"[[1, 9, 'ENG']]",technology
13847,Termina 'Star Wars': seguirán los memes y las guerras culturales en Internet,{},,"[[34, 39, 'ENG']]",technology
13865,Tu móvil está lleno:  las 'apps' cada vez ocupan más (e irá a peor),{},,"[[27, 31, 'ENG']]",technology
13900,El reality de Ana Obregón se estrena con un frío 0.4% en DKiss,{},,"[[3, 10, 'ENG']]",tv
13913,Diccionario básico millennial con 30 expresiones para no perderse hablando con jóvenes en Navidad,{},,"[[19, 29, 'ENG']]",technology
13939,Brasil tendrá en Fortaleza el mayor 'hub' de cables submarinos del mundo,{},,"[[37, 40, 'ENG']]",technology
13940,Detienen en Alemania al presidente de Audi por el 'dieselgate',{},,"[[51, 61, 'ENG']]",economy
13949,"La UE acuerda aumentar la protección de los trabajadores ""atípicos"": eventuales, 'freelance', 'riders', precarios, informales y domésticos",{},,"[[82, 91, 'ENG'], [95, 101, 'ENG']]",economy
13952,La burbuja del ‘coworking’ se desinfla: los impostores se están cayendo del carro,{},,"[[16, 25, 'ENG']]",technology
13963,"Jordi Hurtado entra en casa de unos Reyes Magos modernos, el original spot navideño de La 2",{},,"[[70, 74, 'ENG']]",tv
14004,Los 17 magistrados del Tribunal Superior de Justicia de Madrid dictan criterio sobre Glovo: sus 'riders' son falsos autónomos,{},,"[[97, 103, 'ENG']]",economy
14019,"Así es cómo el anglicismo ""whistleblower"" torpedea una ley que todos los partidos apoyan",{},,"[[27, 40, 'ENG']]",technology
14028,Ni Google Play ni la AppStore te salvarán de que instales 'malware',{},,"[[59, 66, 'ENG']]",technology
14033,Los vigilantes enmascarados del ‘underground’ español,{},,"[[33, 44, 'ENG']]",music
14057,"Mercedes Milá, pillada en topless saltando desde un barco",{},,"[[26, 33, 'ENG']]",tv
14064,"""Los bolsos del 'top manta' callejero son los mismos que se venden por internet""",{},,"[[17, 20, 'ENG']]",lifestyle
14073,"Madonna, Maluma y el dúo como burdo matrimonio de conveniencia para alcanzar el top 1",{},admin,"[[80, 83, 'ENG']]",music
14076,UGT critica que Hacienda adjudique a dedo el 'call center' de la Renta a una empresa que precariza el empleo,{},,"[[46, 57, 'ENG']]",economy
14090,"Música brasileña, new age y derechos civiles indígenas: 'Outro Tempo'",{},,"[[18, 25, 'ENG']]",music
14116,Sara Carbonero se encara con unos 'paparazzis' que la perseguían,{},,"[[35, 45, 'OTHER']]",tv
14146,Ni hombres ni mujeres: así se han creado los ‘emojis’ sin género de tu móvil,{},,"[[46, 52, 'OTHER']]",technology
14148,"Alimentos, intoxicaciones y verano: los 'dirty seven' del agosto",{},,"[[41, 52, 'ENG']]",lifestyle
14151,Un comando de bots apoya a Casado en Twitter con identidades falsas y la foto de perfil de un estudiante asesinado,{},,"[[14, 18, 'ENG']]",technology
14178,Diez estrategias para prevenir el jet lag,{},,"[[34, 41, 'ENG']]",lifestyle
14193,Adiós a las subvenciones para tv movies y miniseries,{},,"[[30, 39, 'ENG']]",tv
14198,"UGT Catalunya ofrece descuentos por el Black Friday a sus afiliados pese a que denuncia este ""pésimo modelo""",{},,"[[39, 51, 'ENG']]",economy
14222,Paramount encuentra 'En el centro de la tormenta' el liderazgo del prime time temático,{},,"[[67, 77, 'ENG']]",tv
14236,Burnout: ¿cómo saber si padezco el síndrome del trabajador quemado?,{},,"[[0, 7, 'ENG']]",lifestyle
14249,"'Growth hacker', el nuevo profesional TI que tu empresa necesita",{},,"[[1, 14, 'ENG']]",technology
14296,¿Te acuerdas de GetJar? Una empresa china compra la antigua reina de las tiendas de 'apps',{},,"[[85, 89, 'ENG']]",technology
14298,Quejíos y autotune: ¿qué demonios es Dellafuente?,{},admin,"[[10, 18, 'ENG']]",music
14311,Balance de la ley de crowdfunding en España: la burocracia de la CNMV atasca el sector,{},,"[[21, 33, 'ENG']]",economy
14315,La cultura ‘maker’ viaja en furgoneta a las plazas de los pueblos de España,{},,"[[12, 17, 'ENG']]",technology
14335,Prodigio 'maker': con 13 años fabricó una impresora 3D y con 16 ya quiere venderlas,{},,"[[10, 15, 'ENG']]",technology
14387,Un corto da vida al personaje de 'stop motion' más pequeño del mundo,{},,"[[34, 45, 'ENG']]",technology
14395,Diez argumentos en contra de la moda del running,{},,"[[41, 48, 'ENG']]",lifestyle
14443,"La cena Merkozy, el nuevo hit en Internet",{},,"[[26, 29, 'ENG']]",tv
14451,"Juguetes eróticos sin pasar por un 'sex shop': se impone el ""hazlo tú mismo""",{},,"[[36, 44, 'ENG']]",technology
14452,La escuela para temerarios de GoPro que forma a los 'youtubers' más extremos,{},,"[[53, 62, 'ENG']]",technology
14481,La 'app' para ligar Grindr comparte con varias empresas si sus usuarios son portadores del VIH,{},,"[[4, 7, 'ENG']]",technology
14486,El biopic de 'La Veneno' a cargo de los Javis lanza su primer teaser en Atresmedia,{},,"[[3, 9, 'ENG'], [62, 68, 'ENG']]",tv
14499,"""La nueva ley no permite crear bases de datos basadas en ideología de los ciudadanos ni el spam político masivo""",{},,"[[91, 95, 'ENG']]",technology
14511,"Sin trabajo en cuestión de días y con temores sobre el ""finiquito"": así viven los riders la marcha de Deliveroo de Alemania",{},,"[[82, 88, 'ENG']]",economy
14519,'Hackers' españoles engañan a Tinder para seguir los pasos de cualquier usuario,{},,"[[1, 8, 'ENG']]",technology
14521,"""Jefe, tenemos un ciberincidente"": la Guardia Civil sorprende con su campeonato para promocionar jóvenes hackers",{},,"[[105, 112, 'ENG']]",technology
14529,Cuatro de cada diez préstamos públicos a 'startups' no se devuelven,{},,"[[42, 50, 'ENG']]",economy
14563,Telecinco apuesta por el miércoles para su nueva serie thriller La verdad,{},,"[[55, 63, 'ENG']]",tv
14577,¿Rondas millonarias? Sufre el día a día de una 'startup' con este cruel juego de mesa,{},,"[[48, 55, 'ENG']]",technology
14591,'Selfies' extraterrestres: ¿sobreviviría nuestro móvil a la hostilidad del espacio?,{},,"[[1, 8, 'ENG']]",technology
14609,El verdadero sonido indie pop vuelve a través de los susurros de Cigarettes After Sex,{},,"[[20, 29, 'ENG']]",music
14610,Deliveroo promociona y da beneficios laborales a las asociaciones de riders que acatan su modelo,{},,"[[69, 75, 'ENG']]",economy
14616,"Doctor, y para mi enfermedad...¿Qué ‘app’ me receta?",{},,"[[37, 40, 'ENG']]",technology
14623,El Gobierno tiene buena perspectiva para Iberia incluso con un brexit duro,{},,"[[63, 69, 'ENG']]",economy
14624,La UE no excluye a la energía nuclear como inversión verde tras la presión de Macron y los lobbys empresariales,{},,"[[91, 97, 'ENG']]",economy
14634,El Gobierno blinda a los taxistas frente a Uber y otras app antes de las elecciones,{},,"[[56, 59, 'ENG']]",economy
14645,Los españoles duplican el uso de internet en el móvil en el extranjero tras el final de 'roaming',{},,"[[89, 96, 'ENG']]",economy
14646,Decenas de 'apps' oportunistas superan las 50.000 descargas aprovechando el tirón y las carencias de WhatsApp,{},,"[[12, 16, 'ENG']]",technology
14647,MIRA 2014 Barcelona: El único festival de arte que se baila en HD y con subwoofer,{},admin,"[[72, 81, 'ENG']]",music
14655,"El padre de la cultura 'maker': ""Cuando la gente colabora puede cambiar el mundo""",{},,"[[24, 29, 'ENG']]",technology
14662,"Concluye el juicio de las ""black"" que sentó en el banquillo a Blesa y Rato",{},,"[[27, 32, 'ENG']]",economy
14670,Una jueza en Madrid da la primera victoria a Glovo y falla que un ‘rider’ no era falso autónomo,{},,"[[67, 72, 'ENG']]",economy
14674,"Sorteamos KlikR, el gadget que revolucionará tu hogar",{},,"[[20, 26, 'ENG']]",tv
14685,"El 'show' de Ruiz Mateos y la entrevista más ""frustrante"" de Susanna Griso en Antena 3",{},,"[[4, 8, 'ENG']]",tv
14700,"Netflix anuncia un 'reality bestial', producido por Stallone",{},,"[[20, 27, 'ENG']]",tv
14701,Saca partido a tu wok con esta receta de camarones al estilo asiático,{},,"[[18, 21, 'OTHER']]",lifestyle
14703,Los amos del juego en Catalunya estrenan sede en Ceuta para su casino online tras duplicar sus ventas en dos años,{},admin,"[[70, 76, 'ENG']]",economy
14721,"Geeksphone, Bq, Primux... La 'Marca España' también se fabrica con 'smartphones'",{},,"[[68, 79, 'ENG']]",technology
14752,Vallés explica lo que cambiará al presentar el informativo de Antena 3 en prime time,{},admin,"[[74, 84, 'ENG']]",tv
14754,Una granja de bots mantiene activas desde la convocatoria de elecciones más de 50 cuentas falsas de apoyo a Casado,{},,"[[14, 18, 'ENG']]",technology
14755,No caigas en la tentación de usar esta 'app' para espiar a tu pareja,{},,"[[40, 43, 'ENG']]",technology
14766,Economía prepara una ley para incrementar la transparencia de los créditos revolving,{},,"[[75, 84, 'ENG']]",economy
14772,"Tadeo: ""En los noventa decían que el techno era música rara""",{},admin,"[[37, 43, 'ENG']]",music
14774,"La Voz Kids tendrá 4 coaches por primera vez, con Vanesa Martín como novedad",{},,"[[21, 28, 'ENG']]",tv
14778,"Llegan a España los ""trolls del copyright"", abogados contra la piratería inspirados por los cazarrecompensas de EEUU",{},,"[[21, 27, 'ENG']]",technology
14802,VÍDEO: La tensión en el juicio de las black comienza a pasar factura a los acusados,{},,"[[38, 43, 'ENG']]",economy
14806,"IBM se une a ""startup"" peruana para formar mujeres en innovación tecnológica",{},,"[[14, 21, 'ENG']]",technology
14817,El fichaje más 'salvaje' del spin-off de 'The Good Wife',{},,"[[29, 37, 'ENG']]",tv
14824,"Muere Shangay Lily, la 'drag queen' más famosa de la televisión",{},,"[[24, 34, 'ENG']]",tv
14844,De un búnker a una catedral: diez ‘data centers’ situados en lugares insólitos,{},,"[[35, 47, 'ENG']]",technology
14855,"Conflictividad, precariedad y un nuevo convenio en telemarketing que no convence a todos",{},admin,"[[51, 64, 'ENG']]",economy
14857,"Los viajes antes de Google: Visual Map, la primera guía digital ‘made in Spain’",{},,"[[65, 78, 'ENG']]",technology
14871,Por qué muchos expertos en seguridad recomiendan comprarse un 'chromebook',{},,"[[63, 73, 'ENG']]",technology
14881,"Singles, discos y fechas: los primeros pasos de los concursantes de 'OT 2018' seis meses después",{},admin,"[[0, 7, 'ENG']]",tv
14887,'The Good Fight' lanza primer póster y teaser oficiales,{},,"[[39, 45, 'ENG']]",tv
14899,La Baronesa Thyssen demandará a Telecinco si no le gusta la tv-movie sobre su vida,{},,"[[60, 68, 'ENG']]",tv
14904,15 ofertas que enamorarán a los techies durante este Black Friday,{},,"[[32, 39, 'ENG'], [53, 65, 'ENG']]",lifestyle
14907,Las pequeñas 'startups' españolas que crecen con las demandas por tarjetas con condiciones abusivas,{},,"[[14, 22, 'ENG']]",economy
14920,El productor de 'The Walking Dead' sobre el cliffhanger: 'Se hizo por la audiencia',{},,"[[44, 55, 'ENG']]",tv
14928,"ZAO, la 'app' china que te permite cambiar la cara de Jon Nieve o Di Caprio por la tuya no es gratis: pagas con tus datos",{},,"[[9, 12, 'ENG']]",technology
14943,Un sindicalista admite ante el juez que utilizó su 'tarjeta black' para pagar gastos de UGT,{},,"[[60, 65, 'ENG']]",economy
14960,Historia de la música en España 'for dummies',{},,"[[33, 44, 'ENG']]",music
14964,Una app de test de personalidad en Facebook expuso los datos de 120 millones de usuarios,{},,"[[4, 7, 'ENG']]",technology
14969,La 1 lleva la 'Entrevista a la carta' de Julia Otero al late night por el basket,{},,"[[56, 66, 'ENG'], [74, 80, 'ENG']]",tv
15000,El acoso online que silencia a las mujeres de la prensa,{},,"[[9, 15, 'ENG']]",opinion
15018,"Muere a los 90 años Chuck Berry, leyenda del rock and roll",{},admin,"[[45, 58, 'ENG']]",music
15037,Derroche de electricidad: el modo ‘standby’ costó más de 55.000 millones de euros en 2013,{},,"[[35, 42, 'ENG']]",technology
15048,"Este ""patriarca hippie"" fue el ""dios de internet"" durante casi tres décadas",{},,"[[16, 22, 'ENG']]",technology
15054,Retiran dos 'chatbots' del WhatsApp chino por antipatriotas y anticomunistas,{},,"[[13, 21, 'ENG']]",technology
15089,"Los Punsetes: ""Los 'talent shows' vendieron el camino rápido hacia la fama, pero son como una hamburguesa del McDonald's""",{},,"[[20, 32, 'ENG']]",music
15091,El banco 'millennial' que exige a los aspirantes a un puesto de trabajo que capten 200 clientes sin cobrar,{},,"[[10, 20, 'ENG']]",economy
15113,La nueva serie de 'Star Trek' se queda sin Bryan Fuller como showrunner,{},,"[[61, 71, 'ENG']]",tv
15122,Sin WhatsApp no trabajo: ¿dimiten los 'millennials' si les prohíben usar el móvil?,{},,"[[39, 50, 'ENG']]",technology
15129,"La sentencia del procés, en otoño y en temporada política valle",{},admin,"[[17, 23, 'OTHER']]",opinion
15132,"TVE abre un hotel ""con una sonrisa"" en su nuevo reality",{},,"[[48, 55, 'ENG']]",tv
15140,Acuerdo en la UE para aumentar la protección a los 'whistleblowers',{},,"[[52, 66, 'ENG']]",economy
15144,"Ferreras da el salto al prime time con ""laSexta Columna""",{},,"[[24, 34, 'ENG']]",tv
15148,"Sónar y su hervidero electrónico (II): La guerrilla legendaria de Detroit, Kölsch y la oscuridad del techno berlinés",{},admin,"[[101, 107, 'ENG']]",music
15168,Ni para todos ni en cualquier sitio: siete dudas sobre el fin del 'roaming' el próximo jueves,{},,"[[67, 74, 'ENG']]",lifestyle
15177,"'Tokens', la moneda de plástico de los festivales que se cuenta al peso",{},,"[[1, 7, 'ENG']]",economy
15194,"El lobby español de multinacionales ‘verdes’ urge a aprovechar el negocio climático: ""Hay que ponerse las pilas""",{},,"[[3, 8, 'ENG']]",economy
15230,"Atresmedia prepara el biopic de 'La Veneno',  escrito y dirigido por 'Los Javis'",{},,"[[22, 28, 'ENG']]",tv
15242,El sector del telemarketing va a la huelga general por la renovación de su convenio,{},,"[[14, 27, 'ENG']]",economy
15259,Telecinco encuentra hueco para recolocar La verdad en el prime time del jueves,{},,"[[57, 67, 'ENG']]",tv
15268,Los héroes que obligan a los gigantes a pensar en los ‘gamers’ con discapacidad,{},,"[[55, 61, 'ENG']]",technology
15270,"Queridos 'fanboys', la estatua en honor a Steve Jobs es horrosa (y no hay discusión posible)",{},,"[[10, 17, 'ENG']]",technology
15300,Una profesora de cine: asesorando a las pelis de robots 'made in Spain',{},,"[[57, 70, 'ENG']]",technology
15332,"Sede en Isla de Man, matriz en Chipre… el gigante del juego online Playtech aprovecha el oasis fiscal de Ceuta",{},,"[[60, 66, 'ENG']]",economy
15336,De la Antigua Roma al ‘hashtag’: breve historia de la almohadilla,{},,"[[23, 30, 'ENG']]",technology
15337,¿Ha paralizado Mediaset su talent show de patines para Cuatro?,{},,"[[27, 38, 'ENG']]",tv
15365,Robando carteras digitales: dos 'hackers' españoles desmontan la seguridad de Bitcoin,{},,"[[33, 40, 'ENG']]",technology
15382,Un post denuncia,{},,"[[3, 7, 'ENG']]",opinion
15384,"“Un concurso sorprendente, con un presentador con gancho, que ya es el hit del verano”",{},,"[[71, 74, 'ENG']]",tv
15425,"Lena Dunham (""Girls"") cuenta ""su primera vez"" votando a Obama en un polémico spot electoral",{},,"[[77, 81, 'ENG']]",tv
15429,Ocho maneras en que nos pueden timar con el Black Friday,{},,"[[44, 56, 'ENG']]",lifestyle
15431,"El guardián de las joyas del 'pinball' se ve sin sucesor: “Los jóvenes son estúpidos""",{},,"[[30, 37, 'ENG']]",technology
15445,La brecha de género de la tecnología: ¿por qué hay (o lo parece) pocas mujeres al frente de 'startups'?,{},,"[[93, 101, 'ENG']]",technology
15451,Prebióticos y probióticos: música clásica predigerida para hipsters,{},,"[[59, 67, 'ENG']]",music
15466,Amazon Go o cómo jubilar al cajero del súper con una 'app',{},,"[[54, 57, 'ENG']]",technology
15469,"""Rocambolesco show con malos modos, gritos, vergüenzas y un montón de vacas por medio""",{},,"[[14, 18, 'ENG']]",tv
15511,"El lobby mundial del aguacate desembarca en España: ""Hay gente que aún no lo come""",{},,"[[3, 8, 'ENG']]",economy
15533,'Emojis' y teclados virtuales dan una segunda vida a las lenguas indígenas,{},,"[[1, 7, 'OTHER']]",technology
15545,La app que el PP promociona entre sus bases no respeta la ley de protección de datos y tiene la sede en Delaware,{},,"[[3, 6, 'ENG']]",technology
15562,Un beatboxer engaña a Siri para que rapee,{},,"[[3, 12, 'ENG']]",music
15578,Tres ideas de batidos detox para volver a la rutina,{},,"[[22, 27, 'ENG']]",lifestyle
15586,El Gobierno quiere restringir la emisión de publicidad del juego online solo a la franja de 1 a 5 de la madrugada,{},,"[[65, 71, 'ENG']]",economy
15588,"El expresidente de Caja Madrid Jaime Terceiro califica de ""esotérico"" pensar que las 'black' eran una retribución",{},,"[[86, 91, 'ENG']]",economy
15599,El primer casting en TV de Raquel Sánchez Silva y Malena Gracia,{},,"[[10, 17, 'ENG']]",tv
15609,Estos españoles tratan de montar el ‘dream team’ de las carreras de drones,{},,"[[37, 47, 'ENG']]",technology
15612,"Tasa Tobin en la UE: mucho marketing, pero ni rastro de solidaridad",{},,"[[27, 36, 'ENG']]",economy
15616,Deliveroo retira su recurso judicial en Valencia y asume que el 'rider' que denunció era falso autónomo,{},,"[[65, 70, 'ENG']]",economy
15619,Vertele mejora su posición en el Top 100 de Twitter,{},,"[[33, 36, 'ENG']]",tv
15631,Cómo utilizar el 'big data' de los móviles para resolver los atascos en Madrid,{},,"[[18, 26, 'ENG']]",technology
15637,El clan venezolano de los Capriles aprovecha el boom de las socimis en España con viviendas y oficinas,{},,"[[48, 52, 'ENG']]",economy
15641,El expediente de una falsa autónoma en una empresa de 'free tours' saca a la luz los abusos laborales en el sector,{},,"[[55, 65, 'ENG']]",economy
15663,"Las virtudes de la cerveza lager, el estilo más refrescante del verano",{},,"[[27, 32, 'ENG']]",lifestyle
15669,El superéxito más bestia y 'gore' de los minijuegos 'online' da el salto al móvil,{},,"[[28, 32, 'ENG'], [53, 59, 'ENG']]",technology
15679,El spin-off de 'The Good Wife' ya tiene nombre,{},,"[[3, 11, 'ENG']]",tv
15684,La UE y EE UU perfilan el foro de regulación del TTIP que dará más voz a los 'lobbies' empresariales,{},,"[[78, 85, 'ENG']]",economy
15686,"Las 'riders' de la limpieza: precarizadas, sin contrato y cargando su propia lejía",{},,"[[5, 11, 'ENG']]",economy
15700,"Amparito, la girl band sin formación musical que anima Malasaña",{},,"[[13, 22, 'ENG']]",music
15724,Anatomía de un 'meme': por qué se meten en nuestra cabeza y nos roban el corazón,{},,"[[16, 20, 'ENG']]",technology
15766,"The Lumineers, mucho más que un single",{},admin,"[[32, 38, 'ENG']]",music
15777,"Los sindicatos de Amazon convocan huelga en San Fernando en el Black Friday, puente de Constitución y Navidad",{},admin,"[[63, 75, 'ENG']]",economy
15794,Catering de avión: un reto de altos vuelos,{},,"[[0, 8, 'ENG']]",lifestyle
15796,"""Todo era impenetrable"": la herencia digital de un 'hacker' y el drama de su viuda",{},,"[[52, 58, 'ENG']]",technology
15863,"TNT lanza el primer clip de ""Vota Juan"", su comedia política con Javier Cámara",{},admin,"[[20, 24, 'ENG']]",tv
15873,Nuestra mente juega en contra para enfrentarse a los 'deepfakes',{},,"[[54, 63, 'ENG']]",opinion
15893,Después del sol: ¿me aplico 'after sun' o una simple crema hidratante?,{},,"[[29, 38, 'ENG']]",lifestyle
15896,De la Antigua Grecia a tu bolsillo: historia de los avances tecnológicos que hacen posible tu 'smartphone',{},,"[[95, 105, 'ENG']]",technology
15908,Cocina tu propio 'dutch baby pancake' de arándanos,{},,"[[18, 36, 'ENG']]",lifestyle
15918,Los 'minions' son el 'meme' perfecto y estas pruebas lo demuestran,{},,"[[22, 26, 'ENG'], [5, 12, 'ENG']]",technology
15927,"La AIReF alerta de que la deuda podría alcanzar el 132,2% del PIB en 2048 cuando se jubile el ""baby boom""",{},,"[[95, 104, 'ENG']]",economy
15928,El lobby del azúcar consigue su objetivo al frenar el impuesto sobre los refrescos,{},,"[[3, 8, 'ENG']]",economy
15957,"¿Cómo se estudian mil millones de estrellas? Astroestadística, el 'big data' del espacio",{},,"[[67, 75, 'ENG']]",technology
15995,Memoria 'flash': un chute de eficiencia que no acaba de llegar a las empresas,{},,"[[9, 14, 'ENG']]",technology
16007,"Ya hay fecha de estreno del nuevo talkshow, con Ana García Lozano, para las tardes de La 1",{},,"[[34, 42, 'ENG']]",tv
16014,Cuando la tecnología llega al Bronx: ¿de barrio marginal a hervidero de 'startups'?,{},,"[[73, 81, 'ENG']]",technology
16018,"Subastas de arte online, entre el lujo de siempre y los preciados gifs de Tumblr",{},,"[[17, 23, 'ENG'], [66, 70, 'ENG']]",technology
16025,Los hackers dan el pelotazo con tus redes sociales,{},,"[[4, 11, 'ENG']]",technology
16037,Google Maps nos está volviendo idiotas: cómo las 'apps' han arruinado el GPS,{},,"[[50, 54, 'ENG']]",technology
16054,La estafa del prisionero español: así nació el 'spam' en pleno siglo XIX,{},,"[[48, 52, 'ENG']]",technology
16073,"Las 'Big four' se lavan las manos con la crisis financiera: ""En lugar de buscar culpables sería más inteligente mirar hacia delante""",{},,"[[5, 13, 'ENG']]",economy
16094,"Todo sobre bitcoin: dónde estamos, de dónde venimos y a dónde vamos ahora",{},,"[[11, 18, 'ENG']]",technology
16104,Atrévete con este pollo satay con salsa picante de cacahuete: rápido y sencillo,{},,"[[24, 29, 'OTHER']]",lifestyle
16151,El win-win de Sánchez,{},,"[[3, 10, 'ENG']]",opinion
16176,"Así es el nuevo Órbita Laika de TVE, un ""science show"" presentado por un matemático monologuista",{},,"[[41, 53, 'ENG']]",tv
16187,Cinco claves por las que los 'riders' de Deliveroo son falsos autónomos,{},,"[[30, 36, 'ENG']]",economy
16234,'Malware' que aprende y evoluciona: la inteligencia artificial llega al cibercrimen,{},,"[[1, 8, 'ENG']]",technology
16268,"Apple separa a ricos y pobres con los 'animojis', un lujo exclusivo de iPhone X",{},,"[[39, 47, 'ENG']]",technology
16295,Desde China con amor: el 'top manta' salta a internet,{},,"[[26, 29, 'ENG']]",lifestyle
16323,"Deafheaven, 'hardcore' en busca de la sorpresa",{},,"[[13, 21, 'ENG']]",music
16327,Drones y millenials: cinco cosas chocantes del programa económico del PP,{},admin,"[[9, 19, 'ENG']]",economy
16330,"Los bots, la segmentación ideológica y la encriptación crean la tormenta perfecta para la manipulación electoral en Internet",{},,"[[4, 8, 'ENG']]",technology
16340,Varry Brava y el primer café (con bonus track),{},,"[[34, 45, 'ENG']]",music
16359,"Jenni Rivera, coach de ‘La Voz’ en México, fallece en un accidente aéreo",{},,"[[14, 19, 'ENG']]",tv
16380,"Las 'startups' aprietan a los bancos, pero el dinero sigue en manos de los hombres",{},,"[[5, 13, 'ENG']]",technology
16382,El internet de las cosas será 'mainstream' en 2020,{},,"[[31, 41, 'ENG']]",technology
16389,"El lobby financiero gasta 73 millones de euros en bloquear la 'Tasa Tobin', según Oxfam",{},,"[[3, 8, 'ENG']]",economy
16399,"""Masterchef"" en TVE: casting masivo, variopinto y menú para ricos y pobres",{},,"[[21, 28, 'ENG']]",tv
16401,Protección de Datos abre una investigación a la app de La Liga por utilizar el micrófono de sus usuarios,{},,"[[48, 51, 'ENG']]",technology
16413,"Los trabajadores de telemarketing hablan: ""Muchas horas, muy poco descanso, y sin días libres""",{},,"[[20, 33, 'ENG']]",economy
16414,Llega a España una copia de la startup de alineadores dentales baratos que odian los dentistas,{},,"[[31, 38, 'ENG']]",economy
16416,Una start-up te baja el alquiler en Berlín si tu casero te pide demasiado,{},,"[[4, 12, 'ENG']]",economy
16422,"Ethereum, la criptomoneda de un 'hacker' de 20 años que aspira a desbancar a Bitcoin",{},,"[[33, 39, 'ENG']]",technology
16432,"MTV abre casting en Gandía para su ""Jersey Shore"" a la española",{},,"[[9, 16, 'ENG']]",tv
16435,Solidarios pero machistas: ¿por qué el 'software' libre no escucha a las mujeres?,{},,"[[40, 48, 'ENG']]",technology
16466,"""Si tienes más de 45 y buscas trabajo en una 'startup', no vas a encontrar""",{},,"[[46, 53, 'ENG']]",technology
16467,Midorexia: ¿es un trastorno que las personas adultas quieran parecer adolescentes?,{},,"[[0, 9, 'ENG']]",lifestyle
16476,¡Regalamos palos de selfie de la película 'Ouija'!,{},,"[[20, 26, 'ENG']]",tv
16492,"'Unboxing', el lucrativo y surrealista negocio de desempaquetar productos delante de una cámara",{},,"[[1, 9, 'ENG']]",technology
16512,El 'rebranding' del PP vasco,{},,"[[4, 14, 'ENG']]",opinion
16521,Jason Momoa a baila una haka con el luchador neozelandés Mark Hunt,{},,"[[24, 28, 'OTHER']]",tv
16523,La 'smart home' robotizada y feminista que nos librará de las tareas domésticas,{},,"[[4, 14, 'ENG']]",technology
16531,'La libertad tiene un precio' en el nuevo teaser de 'Vis a Vis',{},,"[[42, 48, 'ENG']]",tv
16533,Blues de Navidad: qué es y cómo combatirlo,{},,"[[0, 6, 'ENG']]",lifestyle
6221,"Los datos de 200.000 sociedades offshore de los Papeles de Panamá, públicos en la web",{},,"[[32, 40, 'ENG']]",economy
